rank,symbol,instrument_key,isin,nse_six_month_average_market_cap_crore,company,amfi_rank
1,RELIANCE,NSE_EQ|INE002A01018,INE002A01018,1873278.83,Reliance Industries Ltd,1
2,HDFCBANK,NSE_EQ|INE040A01034,INE040A01034,1286302.05,HDFC Bank Ltd.,2
3,BHARTIARTL,NSE_EQ|INE397D01024,INE397D01024,1119187.65,Bharti Airtel Ltd.,3
4,SBIN,NSE_EQ|INE062A01020,INE062A01020,975713.97,State Bank Of India,4
5,ICICIBANK,NSE_EQ|INE090A01021,INE090A01021,948002.51,ICICI Bank Ltd.,5
6,TCS,NSE_EQ|INE467B01029,INE467B01029,934786.88,Tata Consultancy Services Ltd.,6
7,BAJFINANCE,NSE_EQ|INE296A01032,INE296A01032,580280.71,Bajaj Finance Limited,7
8,LT,NSE_EQ|INE018A01030,INE018A01030,546381.85,Larsen & Toubro Limited,8
9,INFY,NSE_EQ|INE009A01021,INE009A01021,534465.20,Infosys Ltd,9
10,HINDUNILVR,NSE_EQ|INE030A01027,INE030A01027,529080.37,Hindustan Unilever Ltd.,10
11,LICI,NSE_EQ|INE0J1Y01017,INE0J1Y01017,519014.55,LIFE INSURANCE CORPORATION OF INDIA,11
12,MARUTI,NSE_EQ|INE585B01010,INE585B01010,440745.25,Maruti Suzuki India Ltd.,12
13,SUNPHARMA,NSE_EQ|INE044A01036,INE044A01036,421567.55,Sun Pharmaceutical Industries Ltd.,13
14,M&M,NSE_EQ|INE101A01026,INE101A01026,406923.77,Mahindra & Mahindra Ltd.,14
15,AXISBANK,NSE_EQ|INE238A01034,INE238A01034,405048.61,AXIS Bank Ltd.,15
16,KOTAKBANK,NSE_EQ|INE237A01036,INE237A01036,393995.65,Kotak Mahindra Bank Ltd.,16
17,ITC,NSE_EQ|INE154A01025,INE154A01025,386407.76,ITC Ltd,17
18,TITAN,NSE_EQ|INE280A01028,INE280A01028,373577.97,Titan Company Limited,18
19,HCLTECH,NSE_EQ|INE860A01027,INE860A01027,371546.21,HCL Technologies Ltd,19
20,NTPC,NSE_EQ|INE733E01010,INE733E01010,360546.69,NTPC Limited,20
21,ADANIPORTS,NSE_EQ|INE742F01042,INE742F01042,359961.68,Adani Ports and Special Economic Zone Ltd,21
22,ULTRACEMCO,NSE_EQ|INE481G01011,INE481G01011,348437.74,UltraTech Cement Ltd,22
23,ADANIPOWER,NSE_EQ|INE814H01029,INE814H01029,346677.26,Adani Power Limited,23
24,ONGC,NSE_EQ|INE213A01029,INE213A01029,338169.12,Oil And Natural Gas Corporation Ltd,24
25,BEL,NSE_EQ|INE263A01024,INE263A01024,313318.75,Bharat Electronics Ltd.,25
26,JSWSTEEL,NSE_EQ|INE019A01038,INE019A01038,300895.58,JSW Steel Limited,26
27,BAJAJFINSV,NSE_EQ|INE918I01026,INE918I01026,295641.57,Bajaj Finserv Limited,27
28,ADANIENT,NSE_EQ|INE423A01024,INE423A01024,284446.53,Adani Enterprises Ltd.,28
29,HAL,NSE_EQ|INE066F01020,INE066F01020,283586.74,Hindustan Aeronautics Limited,29
30,COALINDIA,NSE_EQ|INE522F01014,INE522F01014,274243.98,Coal India Limited,30
31,BAJAJ-AUTO,NSE_EQ|INE917I01010,INE917I01010,272624.23,Bajaj Auto Limited,31
32,POWERGRID,NSE_EQ|INE752E01010,INE752E01010,271282.72,POWER GRID CORPORATION OF INDIA LIMITED,32
33,DMART,NSE_EQ|INE192R01011,INE192R01011,264571.46,Avenue Supermarts Limited,33
34,NESTLEIND,NSE_EQ|INE239A01024,INE239A01024,256402.49,Nestle India Ltd.,34
35,HINDZINC,NSE_EQ|INE267A01025,INE267A01025,252546.26,Hindustan Zinc Ltd.,35
36,TATASTEEL,NSE_EQ|INE081A01020,INE081A01020,250558.12,TATA STEEL LIMITED,36
37,ETERNAL,NSE_EQ|INE758T01015,INE758T01015,247387.70,Eternal Limited,37
38,ASIANPAINT,NSE_EQ|INE021A01026,INE021A01026,240484.55,Asian Paints Ltd.,38
39,HINDALCO,NSE_EQ|INE038A01020,INE038A01020,221156.02,Hindalco Industries Ltd.,39
40,WIPRO,NSE_EQ|INE075A01022,INE075A01022,219059.18,Wipro Ltd.,40
41,IOC,NSE_EQ|INE242A01010,INE242A01010,215437.03,Indian Oil Corporation Ltd.,41
42,SHRIRAMFIN,NSE_EQ|INE721A01047,INE721A01047,201676.07,Shriram Finance Limited,42
43,EICHERMOT,NSE_EQ|INE066A01021,INE066A01021,199670.33,Eicher Motors Ltd.,43
44,GRASIM,NSE_EQ|INE047A01021,INE047A01021,194980.30,Grasim Industries Ltd,44
45,SBILIFE,NSE_EQ|INE123W01016,INE123W01016,192357.48,SBI Life Insurance Company Limited,45
46,ADANIGREEN,NSE_EQ|INE364U01010,INE364U01010,184610.29,Adani Green Energy Limited,46
47,VAML,NSE_EQ|INE1CDF01017,INE1CDF01017,180581.01,Vedanta Aluminium Metal Limited,47
48,INDIGO,NSE_EQ|INE646L01027,INE646L01027,178587.43,InterGlobe Aviation Limited,48
49,TVSMOTOR,NSE_EQ|INE494B01023,INE494B01023,170898.65,TVS Motor Company Ltd.,49
50,DIVISLAB,NSE_EQ|INE361B01024,INE361B01024,169320.95,Divi's Laboratories Ltd.,50
51,HYUNDAI,NSE_EQ|INE0V6F01027,INE0V6F01027,163319.34,HYUNDAI MOTOR INDIA LIMITED,51
52,VBL,NSE_EQ|INE200M01039,INE200M01039,161037.56,Varun Beverages Limited,52
53,JIOFIN,NSE_EQ|INE758E01017,INE758E01017,158515.78,Jio Financial Services Limited,53
54,TMCV,NSE_EQ|INE1TAE01010,INE1TAE01010,157503.03,Tata Motors Limited,54
55,ICICIAMC,NSE_EQ|INE346A01027,INE346A01027,152782.43,ICICI Prudential Asset Management Company Limited,55
56,DLF,NSE_EQ|INE271C01023,INE271C01023,149063.16,DLF LIMITED,56
57,PIDILITIND,NSE_EQ|INE318A01026,INE318A01026,147117.56,Pidilite Industries Ltd.,57
58,BANKBARODA,NSE_EQ|INE028A01039,INE028A01039,146187.77,Bank Of Baroda,58
59,TECHM,NSE_EQ|INE669C01036,INE669C01036,145628.36,Tech Mahindra Limited,59
60,TRENT,NSE_EQ|INE849A01020,INE849A01020,144053.51,Trent Ltd [Lakme Ltd],60
61,TORNTPHARM,NSE_EQ|INE685A01028,INE685A01028,143568.98,Torrent Pharmaceuticals Ltd.,61
62,BPCL,NSE_EQ|INE029A01011,INE029A01011,141521.51,Bharat Petroleum Corpn. Ltd.,62
63,ADANIENSOL,NSE_EQ|INE931S01010,INE931S01010,140987.84,Adani Energy Solutions Limited,63
64,TATACAP,NSE_EQ|INE976I01016,INE976I01016,140948.58,Tata Capital Limited,64
65,HDFCLIFE,NSE_EQ|INE795G01014,INE795G01014,139789.84,HDFC LIFE INSURANCE COMPANY LIMITED,65
66,LTM,NSE_EQ|INE214T01019,INE214T01019,138930.07,LTM LIMITED,66
67,MUTHOOTFIN,NSE_EQ|INE414G01012,INE414G01012,138913.48,MUTHOOT FINANCE LIMITED,67
68,PFC,NSE_EQ|INE134E01011,INE134E01011,137610.53,Power Finance Corporation Ltd,68
69,IRFC,NSE_EQ|INE053F01010,INE053F01010,136807.00,Indian Railway Finance Corporation,69
70,CHOLAFIN,NSE_EQ|INE121A01024,INE121A01024,136586.97,Cholamandalam Investment and Finance Company Ltd,70
71,BRITANNIA,NSE_EQ|INE216A01030,INE216A01030,136338.08,Britannia Industries Ltd.,71
72,CUMMINSIND,NSE_EQ|INE298A01020,INE298A01020,135873.23,Cummins India Ltd.,72
73,SOLARINDS,NSE_EQ|INE343H01029,INE343H01029,135235.05,Solar Industries India Limited,73
74,BSE,NSE_EQ|INE118H01025,INE118H01025,134291.28,BSE Ltd.,74
75,UNIONBANK,NSE_EQ|INE692A01016,INE692A01016,133709.15,Union Bank of India,75
76,ABB,NSE_EQ|INE117A01022,INE117A01022,133323.66,ABB India Limited,76
77,MOTHERSON,NSE_EQ|INE775A01035,INE775A01035,133119.84,Samvardhana Motherson International Limited,77
78,PNB,NSE_EQ|INE160A01022,INE160A01022,131616.23,Punjab National Bank,78
79,TMPV,NSE_EQ|INE155A01022,INE155A01022,131051.78,TATA MOTORS PASSENGER VEHICLES LIMITED,79
80,CANBK,NSE_EQ|INE476A01022,INE476A01022,127342.34,Canara Bank,80
81,TATAPOWER,NSE_EQ|INE245A01021,INE245A01021,126054.01,Tata Power Co. Ltd,81
82,POLYCAB,NSE_EQ|INE455K01017,INE455K01017,123511.82,Polycab India Limited,82
83,IDEA,NSE_EQ|INE669E01016,INE669E01016,123332.29,VODAFONE IDEA LIMITED,83
84,VEDL,NSE_EQ|INE205A01025,INE205A01025,122260.19,Vedanta Ltd.,84
85,POWERINDIA,NSE_EQ|INE07Y701011,INE07Y701011,121538.47,HITACHI ENERGY INDIA LIMITED,85
86,SIEMENS,NSE_EQ|INE003A01024,INE003A01024,120259.16,Siemens Ltd.,86
87,JINDALSTEL,NSE_EQ|INE749A01030,INE749A01030,119299.30,JINDAL STEEL LIMITED,87
88,CGPOWER,NSE_EQ|INE067A01029,INE067A01029,118912.78,CG Power and Industrial Solutions Limited,88
89,INDIANB,NSE_EQ|INE562A01011,INE562A01011,118254.29,Indian Bank,89
90,AMBUJACEM,NSE_EQ|INE079A01024,INE079A01024,116092.01,Ambuja Cements Ltd.,90
91,BAJAJHLDNG,NSE_EQ|INE118A01012,INE118A01012,116084.14,Bajaj Holdings & Investment Limited,91
92,INDUSTOWER,NSE_EQ|INE121J01017,INE121J01017,113371.31,INDUS TOWERS LIMITED,92
93,GODREJCP,NSE_EQ|INE102D01028,INE102D01028,112834.76,Godrej Consumer Products Ltd.,93
94,TATACONSUM,NSE_EQ|INE192A01025,INE192A01025,112658.76,TATA CONSUMER PRODUCTS LIMITED,94
95,HDFCAMC,NSE_EQ|INE127D01025,INE127D01025,111787.16,HDFC Asset Management Company Limited,96
96,APOLLOHOSP,NSE_EQ|INE437A01024,INE437A01024,110667.64,Apollo Hospitals Enterprises Ltd.,97
97,BHEL,NSE_EQ|INE257A01026,INE257A01026,109931.15,Bharat Heavy Electricals Ltd.,98
98,CIPLA,NSE_EQ|INE059A01026,INE059A01026,108571.41,Cipla Ltd.,99
99,GAIL,NSE_EQ|INE129A01019,INE129A01019,106350.21,Gail (India) Ltd.,100
100,BOSCHLTD,NSE_EQ|INE323A01026,INE323A01026,106279.35,Bosch Ltd,101
101,ENRIN,NSE_EQ|INE1NPP01017,INE1NPP01017,106259.74,Siemens Energy India Limited,102
102,HEROMOTOCO,NSE_EQ|INE158A01026,INE158A01026,106190.32,Hero MotoCorp Limited,103
103,DRREDDY,NSE_EQ|INE089A01031,INE089A01031,105972.13,Dr. Reddy's Laboratories Ltd.,104
104,LUPIN,NSE_EQ|INE326A01037,INE326A01037,103584.12,Lupin Ltd,105
105,GMRAIRPORT,NSE_EQ|INE776C01039,INE776C01039,103227.80,GMR Airports Limited,106
106,ASHOKLEY,NSE_EQ|INE208A01029,INE208A01029,102986.29,Ashok Leyland Ltd.,107
107,LGEINDIA,NSE_EQ|INE324D01010,INE324D01010,102836.51,LG Electronics India Limited,108
108,GVT&D,NSE_EQ|INE200A01026,INE200A01026,102441.57,GE Vernova T&D India Limited,109
109,MARICO,NSE_EQ|INE196A01026,INE196A01026,101411.70,Marico Limited,110
110,MAXHEALTH,NSE_EQ|INE027H01010,INE027H01010,99169.72,Max Healthcare Institute Limited,111
111,MAZDOCK,NSE_EQ|INE249Z01020,INE249Z01020,98569.50,Mazagon Dock Shipbuilders Limited,112
112,UNITDSPR,NSE_EQ|INE854D01024,INE854D01024,96382.96,United Spirits Limited,113
113,ZYDUSLIFE,NSE_EQ|INE010B01027,INE010B01027,95664.13,Zydus Lifesciences Limited,114
114,INDHOTEL,NSE_EQ|INE053A01029,INE053A01029,94205.77,Indian Hotels Co. Ltd,115
115,IDBI,NSE_EQ|INE008A01015,INE008A01015,94167.39,IDBI Bank Ltd,116
116,RECLTD,NSE_EQ|INE020B01018,INE020B01018,92827.51,REC LIMITED,117
117,LODHA,NSE_EQ|INE670K01029,INE670K01029,92579.58,Lodha Developers Limited,118
118,MANKIND,NSE_EQ|INE634S01028,INE634S01028,91898.42,Mankind Pharma Limited,119
119,SHREECEM,NSE_EQ|INE070A01015,INE070A01015,91555.50,Shree Cements Ltd.,120
120,ICICIGI,NSE_EQ|INE765G01017,INE765G01017,91259.24,ICICI Lombard General Insurance Company Limited,122
121,JSWENERGY,NSE_EQ|INE121E01018,INE121E01018,91008.72,JSW Energy Limited,121
122,ABCAPITAL,NSE_EQ|INE674K01013,INE674K01013,90627.54,Aditya Birla Capital Ltd,123
123,WAAREEENER,NSE_EQ|INE377N01017,INE377N01017,86084.09,Waaree Energies Limited,124
124,LENSKART,NSE_EQ|INE956O01016,INE956O01016,85704.76,Lenskart Solutions Limited,125
125,HINDPETRO,NSE_EQ|INE094A01015,INE094A01015,85446.35,Hindustan Petroleum Corporation Ltd,126
126,BHARATFORG,NSE_EQ|INE465A01025,INE465A01025,84938.22,Bharat Forge Ltd,127
127,ICICIPRULI,NSE_EQ|INE726G01019,INE726G01019,83310.37,ICICI Prudential Life Insurance Company Limited,128
128,PERSISTENT,NSE_EQ|INE262H01021,INE262H01021,83254.13,Persistent Systems Limited,129
129,DABUR,NSE_EQ|INE016A01026,INE016A01026,82885.82,Dabur India Ltd.,130
130,HAVELLS,NSE_EQ|INE176B01034,INE176B01034,80759.77,Havells India Limited,132
131,SWIGGY,NSE_EQ|INE00H001014,INE00H001014,80241.86,SWIGGY LIMITED,133
132,SRF,NSE_EQ|INE647A01010,INE647A01010,79703.89,SRF Ltd.,134
133,BHARTIHEXA,NSE_EQ|INE343G01021,INE343G01021,78575.04,Bharti Hexacom Limited,136
134,LLOYDSME,NSE_EQ|INE281B01032,INE281B01032,78346.29,Lloyds Metals and Energy Limited,135
135,NHPC,NSE_EQ|INE848E01016,INE848E01016,78260.28,NHPC Limited,137
136,AUROPHARMA,NSE_EQ|INE406A01037,INE406A01037,76928.46,Aurobindo Pharma Ltd.,138
137,OIL,NSE_EQ|INE274J01014,INE274J01014,75876.10,Oil India Limited,140
138,MEESHO,NSE_EQ|INE0VDM01015,INE0VDM01015,75725.45,Meesho Limited,139
139,NYKAA,NSE_EQ|INE388Y01029,INE388Y01029,75115.70,FSN E-Commerce Ventures Limited,141
140,NMDC,NSE_EQ|INE584A01023,INE584A01023,74366.61,NMDC Ltd,142
141,TORNTPOWER,NSE_EQ|INE813H01021,INE813H01021,73815.32,TORRENT POWER LIMITED,143
142,POLICYBZR,NSE_EQ|INE417T01026,INE417T01026,73571.81,PB Fintech Limited,144
143,AUBANK,NSE_EQ|INE949L01017,INE949L01017,73378.54,AU Small Finance Bank Limited,145
144,PAYTM,NSE_EQ|INE982J01020,INE982J01020,72417.44,One 97 Communications Limited,146
145,BAJAJHFL,NSE_EQ|INE377Y01014,INE377Y01014,72346.68,Bajaj Housing Finance Limited,147
146,OFSS,NSE_EQ|INE881D01027,INE881D01027,71001.77,Oracle Financial Services Software Limited,148
147,LTF,NSE_EQ|INE498L01015,INE498L01015,70798.91,L&T Finance Limited,149
148,FEDERALBNK,NSE_EQ|INE171A01029,INE171A01029,70669.66,Federal Bank Ltd.,150
149,NATIONALUM,NSE_EQ|INE139A01034,INE139A01034,70536.99,National Aluminium Co. Ltd.,151
150,INDUSINDBK,NSE_EQ|INE095A01012,INE095A01012,69584.16,IndusInd Bank Ltd.,152
151,SAIL,NSE_EQ|INE114A01011,INE114A01011,69471.68,Steel Authority of India Ltd.,153
152,NAUKRI,NSE_EQ|INE663F01032,INE663F01032,69213.50,Info Edge(India) Ltd.,154
153,BANKINDIA,NSE_EQ|INE084A01016,INE084A01016,68758.15,Bank of India,155
154,FORTIS,NSE_EQ|INE061F01013,INE061F01013,68482.91,Fortis Healthcare Ltd,156
155,SUZLON,NSE_EQ|INE040H01021,INE040H01021,67840.45,SUZLON ENERGY LTD.,158
156,DIXON,NSE_EQ|INE935N01020,INE935N01020,67329.89,Dixon Technologies (India) Limited,159
157,YESBANK,NSE_EQ|INE528G01035,INE528G01035,66843.66,Yes Bank Ltd.,160
158,SBICARD,NSE_EQ|INE018E01016,INE018E01016,66637.76,SBI CARDS AND PAYMENT SERVICES LIMITED,161
159,GICRE,NSE_EQ|INE481Y01014,INE481Y01014,66605.21,General Insurance Corporation of India,162
160,IOB,NSE_EQ|INE565A01014,INE565A01014,66332.05,Indian Overseas Bank,163
161,ALKEM,NSE_EQ|INE540L01014,INE540L01014,65719.50,Alkem Laboratories Limited,164
162,ATGL,NSE_EQ|INE399L01023,INE399L01023,65554.23,ADANI TOTAL GAS LIMITED,165
163,UNOMINDA,NSE_EQ|INE405E01023,INE405E01023,65412.20,UNO Minda Limited,166
164,IDFCFIRSTB,NSE_EQ|INE092T01019,INE092T01019,63329.99,IDFC FIRST BANK LIMITED,167
165,SCHAEFFLER,NSE_EQ|INE513A01022,INE513A01022,62398.16,Schaeffler India Limited,168
166,PHOENIXLTD,NSE_EQ|INE211B01039,INE211B01039,62299.04,The Phoenix Mills Ltd.,169
167,JSL,NSE_EQ|INE220G01021,INE220G01021,62032.49,Jindal Stainless Limited,170
168,LAURUSLABS,NSE_EQ|INE947Q01028,INE947Q01028,61938.15,Laurus Labs Limited,171
169,COROMANDEL,NSE_EQ|INE169A01031,INE169A01031,61032.52,Coromandel International Limited,174
170,BIOCON,NSE_EQ|INE376G01013,INE376G01013,60919.55,Biocon Ltd.,173
171,PRESTIGE,NSE_EQ|INE811K01011,INE811K01011,60911.00,Prestige Estates Projects Limited,175
172,GLENMARK,NSE_EQ|INE935A01035,INE935A01035,60775.57,Glenmark Pharmaceuticals ltd,176
173,RVNL,NSE_EQ|INE415G01027,INE415G01027,60259.46,Rail Vikas Nigam Limited,177
174,LINDEINDIA,NSE_EQ|INE473A01011,INE473A01011,58335.12,Linde India Limited,178
175,OBEROIRLTY,NSE_EQ|INE093I01010,INE093I01010,58169.03,OBEROI REALTY LIMITED,179
176,MFSL,NSE_EQ|INE180A01020,INE180A01020,57325.09,Max Financial Services Limited,180
177,MRF,NSE_EQ|INE883A01011,INE883A01011,57205.69,M.R.F. Ltd.,181
178,HDBFS,NSE_EQ|INE756I01012,INE756I01012,56776.47,HDB FINANCIAL SERVICES LIMITED,182
179,JSWINFRA,NSE_EQ|INE880J01026,INE880J01026,56662.42,JSW Infrastructure Limited,184
180,COLPAL,NSE_EQ|INE259A01022,INE259A01022,56479.04,Colgate-Palmolive (India) Ltd.,185
181,MAHABANK,NSE_EQ|INE457A01014,INE457A01014,56077.72,Bank of maharashtra,186
182,UPL,NSE_EQ|INE628A01036,INE628A01036,56045.95,UPL Limited,187
183,BERGEPAINT,NSE_EQ|INE463A01038,INE463A01038,55879.58,Berger Paints India Ltd,188
184,VMM,NSE_EQ|INE01EA01019,INE01EA01019,55792.31,Vishal Mega Mart Limited,189
185,APLAPOLLO,NSE_EQ|INE702C01027,INE702C01027,55068.31,APL Apollo Tubes Limited,190
186,FACT,NSE_EQ|INE188A01015,INE188A01015,54490.20,Fertilizers and Chemicals Travancore Limited,191
187,SUNDARMFIN,NSE_EQ|INE660A01013,INE660A01013,54183.07,SUNDARAM FINANCE LTD,192
188,TIINDIA,NSE_EQ|INE974X01010,INE974X01010,52956.13,Tube Investments of India Ltd,193
189,HINDCOPPER,NSE_EQ|INE531E01026,INE531E01026,52824.69,Hindustan Copper Ltd.,194
190,KRT,NSE_EQ|INE1JAR25012,INE1JAR25012,52756.79,Knowledge Realty Trust,195
191,GODREJPROP,NSE_EQ|INE484J01027,INE484J01027,52520.57,Godrej Properties Limited,196
192,PATANJALI,NSE_EQ|INE619A01035,INE619A01035,52366.51,Patanjali Foods Limited,197
193,BDL,NSE_EQ|INE171Z01026,INE171Z01026,48905.03,Bharat Dynamics Limited,198
194,MOTILALOFS,NSE_EQ|INE338I01027,INE338I01027,48118.79,Motilal Oswal Financial Services Limited,199
195,TATACOMM,NSE_EQ|INE151A01013,INE151A01013,47438.13,Tata Communications Limited,201
196,COFORGE,NSE_EQ|INE591G01025,INE591G01025,46873.72,COFORGE LIMITED,200
197,SUPREMEIND,NSE_EQ|INE195A01028,INE195A01028,46515.41,Supreme Industries Ltd.,202
198,M&MFIN,NSE_EQ|INE774D01024,INE774D01024,45960.15,Mahindra & Mahindra Financial Services Limited,203
199,VOLTAS,NSE_EQ|INE226A01021,INE226A01021,45609.87,Voltas Ltd.,204
200,PIIND,NSE_EQ|INE603J01030,INE603J01030,45538.56,PI Industries Limited,205
201,MPHASIS,NSE_EQ|INE356A01018,INE356A01018,45438.37,Mphasis Limited,206
202,IRCTC,NSE_EQ|INE335Y01020,INE335Y01020,45247.60,Indian Railway Catering & Tourism Corporation Ltd,207
203,KEI,NSE_EQ|INE878B01027,INE878B01027,45233.69,KEI Industries Ltd.,208
204,APARINDS,NSE_EQ|INE372A01015,INE372A01015,44449.15,Apar Industries Ltd,209
205,BALKRISIND,NSE_EQ|INE787D01026,INE787D01026,44250.79,Balkrishna Industries Ltd.,210
206,360ONE,NSE_EQ|INE466L01038,INE466L01038,44202.51,360 ONE WAM LIMITED,211
207,THERMAX,NSE_EQ|INE152A01029,INE152A01029,44157.98,Thermax Ltd.,212
208,AIIL,NSE_EQ|INE206F01022,INE206F01022,42654.66,Authum Investment & Infrastructure Limited,213
209,JKCEMENT,NSE_EQ|INE823G01014,INE823G01014,42161.45,J.K. CEMENT LTD,215
210,PETRONET,NSE_EQ|INE347G01014,INE347G01014,42158.77,PETRONET LNG LTD.,214
211,PIRAMALFIN,NSE_EQ|INE202B01038,INE202B01038,41955.91,Piramal Finance Limited,216
212,ASTRAL,NSE_EQ|INE006I01046,INE006I01046,41608.16,ASTRAL LIMITED,217
213,RADICO,NSE_EQ|INE944F01028,INE944F01028,41393.27,Radico Khaitan Ltd.,218
214,KALYANKJIL,NSE_EQ|INE303R01014,INE303R01014,41306.09,Kalyan Jewellers India Limited,219
215,EMBASSY,NSE_EQ|INE041025011,INE041025011,40926.50,EMBASSY OFFICE PARKS REIT,220
216,GLAXO,NSE_EQ|INE159A01016,INE159A01016,40594.46,GlaxoSmithkline Pharmaceuticals Ltd.,221
217,PREMIERENE,NSE_EQ|INE0BS701011,INE0BS701011,40560.02,Premier Energies Limited,222
218,NLCINDIA,NSE_EQ|INE589A01014,INE589A01014,39990.02,NLC India Limited,223
219,HUDCO,NSE_EQ|INE031A01017,INE031A01017,39892.91,Housing &Urban Development Corporation Ltd.,224
220,COCHINSHIP,NSE_EQ|INE704P01025,INE704P01025,39565.90,Cochin Shipyard Limited,225
221,ANTHEM,NSE_EQ|INE0CZ201020,INE0CZ201020,39491.79,Anthem Biosciences Limited,226
222,PAGEIND,NSE_EQ|INE761H01022,INE761H01022,39468.40,Page Industries Ltd.,227
223,UBL,NSE_EQ|INE686F01025,INE686F01025,39199.12,United Breweries Ltd.,228
224,IPCALAB,NSE_EQ|INE571A01038,INE571A01038,38652.09,Ipca Laboratories Ltd.,229
225,FLUOROCHEM,NSE_EQ|INE09N301011,INE09N301011,37942.04,Gujarat Fluorochemicals Limited,230
226,LTTS,NSE_EQ|INE010V01017,INE010V01017,37670.52,L&T Technology Services Limited,231
227,3MINDIA,NSE_EQ|INE470A01017,INE470A01017,37599.47,3M India Ltd.,232
228,AIAENG,NSE_EQ|INE212H01026,INE212H01026,37378.19,AIA Engineering Ltd.,233
229,CONCOR,NSE_EQ|INE111A01025,INE111A01025,37253.37,Container Corporation Of India Ltd.,234
230,NH,NSE_EQ|INE410P01011,INE410P01011,37115.04,Narayana Hrudayalaya Limited,235
231,AJANTPHARM,NSE_EQ|INE031B01049,INE031B01049,36653.48,Ajanta Pharma Ltd.,236
232,BLUESTARCO,NSE_EQ|INE472A01039,INE472A01039,36224.34,Blue Star Ltd,237
233,ESCORTS,NSE_EQ|INE042A01014,INE042A01014,36171.63,Escorts Kubota Limited,238
234,DALBHARAT,NSE_EQ|INE00R701025,INE00R701025,36057.65,DALMIA BHARAT LIMITED,239
235,POONAWALLA,NSE_EQ|INE511C01022,INE511C01022,35444.15,POONAWALLA FINCORP LIMITED,241
236,BAGMANE,NSE_EQ|INE2OVN25015,INE2OVN25015,35143.99,Bagmane Prime Office REIT,242
237,ENDURANCE,NSE_EQ|INE913H01037,INE913H01037,35053.28,Endurance Technologies Limited,243
238,ASTERDM,NSE_EQ|INE914M01019,INE914M01019,34943.64,Aster DM Healthcare Limited,244
239,ITCHOTELS,NSE_EQ|INE379A01028,INE379A01028,34845.37,ITC Hotels Limited,245
240,PGHH,NSE_EQ|INE179A01014,INE179A01014,34225.80,Procter & Gamble Hygiene & Health Care Ltd.,246
241,UCOBANK,NSE_EQ|INE691A01018,INE691A01018,33810.62,UCO Bank,247
242,SONACOMS,NSE_EQ|INE073K01018,INE073K01018,33744.63,Sona BLW Precision Forgings Limited,248
243,GODFRYPHLP,NSE_EQ|INE260B01028,INE260B01028,33666.53,Godfrey Phillips India Ltd.,249
244,GODREJIND,NSE_EQ|INE233A01035,INE233A01035,33664.64,Godrej Industries Ltd.,250
245,NAVINFLUOR,NSE_EQ|INE048G01026,INE048G01026,33433.61,Navin Fluorine International Limited,251
246,TATAINVEST,NSE_EQ|INE672A01026,INE672A01026,33336.54,Tata Investment Corporation Ltd.,252
247,DELHIVERY,NSE_EQ|INE148O01028,INE148O01028,32790.65,Delhivery Limited,253
248,HEXT,NSE_EQ|INE093A01041,INE093A01041,32733.81,Hexaware Technologies Limited,254
249,JBCHEPHARM,NSE_EQ|INE572A01036,INE572A01036,32469.21,J.B. Chemicals & Pharmaceuticals Lt,255
250,CENTRALBK,NSE_EQ|INE483A01010,INE483A01010,31956.20,Central Bank of India,256
251,KPRMILL,NSE_EQ|INE930H01031,INE930H01031,31798.30,K.P.R. Mill Ltd.,257
252,JUBLFOOD,NSE_EQ|INE797F01020,INE797F01020,31410.89,Jubilant Foodworks Limited,258
253,CRISIL,NSE_EQ|INE007A01025,INE007A01025,31191.56,CRISIL Ltd.,259
254,GLAND,NSE_EQ|INE068V01023,INE068V01023,31085.98,Gland Pharma Limited,261
255,ATHERENERG,NSE_EQ|INE0LEZ01016,INE0LEZ01016,31072.78,Ather Energy Limited,260
256,MEDANTA,NSE_EQ|INE474Q01031,INE474Q01031,30821.80,Global Health Limited,262
257,PWL,NSE_EQ|INE0LP301011,INE0LP301011,30665.13,Physicswallah Limited,263
258,MINDSPACE,NSE_EQ|INE0CCU25019,INE0CCU25019,30279.49,MINDSPACE BUSINESS PARKS REIT,265
259,EMCURE,NSE_EQ|INE168P01015,INE168P01015,30232.78,Emcure Pharmaceuticals Limited,266
260,MRPL,NSE_EQ|INE103A01014,INE103A01014,29750.50,Mangalore Refinery & Petrochemicals,267
261,GODIGIT,NSE_EQ|INE03JT01014,INE03JT01014,29631.05,Go Digit General Insurance Limited,268
262,GUJGASLTD,NSE_EQ|INE844O01030,INE844O01030,29407.54,Gujarat Gas Limited,278
263,GRSE,NSE_EQ|INE382Z01011,INE382Z01011,29289.80,Garden Reach Shipbuilders & Engineers Limited,269
264,LICHSGFIN,NSE_EQ|INE115A01026,INE115A01026,29256.18,Lic Housing Finance Ltd.,270
265,EXIDEIND,NSE_EQ|INE302A01020,INE302A01020,29230.05,Exide Industries Ltd.,271
266,SJVN,NSE_EQ|INE002L01015,INE002L01015,29112.58,SJVN LIMITED,272
267,STARHEALTH,NSE_EQ|INE575P01011,INE575P01011,28719.89,Star Health and Allied Insurance Company Limited,273
268,TVSHLTD,NSE_EQ|INE105A01035,INE105A01035,28608.90,TVS Holdings Limited,274
269,TATAELXSI,NSE_EQ|INE670A01012,INE670A01012,28538.60,Tata Elxsi Ltd,275
270,HONAUT,NSE_EQ|INE671A01010,INE671A01010,28411.13,Honeywell Automation India Ltd.,276
271,BANDHANBNK,NSE_EQ|INE545U01014,INE545U01014,28381.54,Bandhan Bank Limited,277
272,KARURVYSYA,NSE_EQ|INE036D01028,INE036D01028,28236.54,Karur Vysya Bank Ltd.,279
273,METROBRAND,NSE_EQ|INE317I01021,INE317I01021,28041.87,Metro Brands Limited,280
274,APOLLOTYRE,NSE_EQ|INE438A01022,INE438A01022,28017.03,Apollo Tyres Ltd,281
275,ACC,NSE_EQ|INE012A01025,INE012A01025,27897.03,ACC Ltd,282
276,ZFCVINDIA,NSE_EQ|INE342J01019,INE342J01019,27788.63,ZF Commercial Vehicle Control Systems India Limited,283
277,ABSLAMC,NSE_EQ|INE404A01024,INE404A01024,27713.93,Aditya Birla Sun Life AMC Limited,284
278,KIMS,NSE_EQ|INE967H01025,INE967H01025,27652.72,Krishna Institute of Medical Sciences Limited,285
279,ITI,NSE_EQ|INE248A01017,INE248A01017,27630.01,ITI Limited (Indian Teleph.Ind.Ltd),286
280,ANANDRATHI,NSE_EQ|INE463V01026,INE463V01026,27479.19,Anand Rathi Wealth Limited,287
281,MSUMI,NSE_EQ|INE0FS801015,INE0FS801015,27243.81,Motherson Sumi Wiring India Limited,288
282,WELCORP,NSE_EQ|INE191B01025,INE191B01025,27073.50,Welspun Corp Limited,289
283,IKS,NSE_EQ|INE115Q01022,INE115Q01022,26924.19,INVENTURUS KNOWLEDGE SOLUTIONS LIMITED,290
284,CDSL,NSE_EQ|INE736A01011,INE736A01011,26919.62,Central Depository Services (India) Ltd.,291
285,FORCEMOT,NSE_EQ|INE451A01017,INE451A01017,26915.14,Force Motors Limited,292
286,HSCL,NSE_EQ|INE019C01026,INE019C01026,26575.17,Himadri Speciality Chemical Ltd.,293
287,NBCC,NSE_EQ|INE095N01031,INE095N01031,26182.40,NBCC (India) Limited,294
288,GILLETTE,NSE_EQ|INE322A01010,INE322A01010,26110.77,Gillette India Ltd.,295
289,BIRET,NSE_EQ|INE0FDU25010,INE0FDU25010,25940.66,Brookfield India Real Estate Trust,296
290,PTCIL,NSE_EQ|INE596F01018,INE596F01018,25894.43,PTC Industries Ltd.,297
291,TATATECH,NSE_EQ|INE142M01025,INE142M01025,25614.83,Tata Technologies Limited,298
292,ANGELONE,NSE_EQ|INE732I01021,INE732I01021,25588.60,ANGEL ONE LIMITED,299
293,AWL,NSE_EQ|INE699H01024,INE699H01024,25532.94,AWL AGRI BUSINESS LIMITED,300
294,AEGISLOG,NSE_EQ|INE208C01025,INE208C01025,25510.93,Aegis Logistics Ltd.,301
295,AMBER,NSE_EQ|INE371P01015,INE371P01015,25483.36,Amber Enterprises India Limited,302
296,IRB,NSE_EQ|INE821I01022,INE821I01022,25449.96,IRB Infrastructure Developers Limited,303
297,NUVAMA,NSE_EQ|INE531F01023,INE531F01023,25362.61,Nuvama Wealth Management Limited,304
298,TIMKEN,NSE_EQ|INE325A01013,INE325A01013,25260.76,Timken India Ltd,305
299,NIACL,NSE_EQ|INE470Y01017,INE470Y01017,25208.15,The New India Assurance Company Limited,306
300,CPPLUS,NSE_EQ|INE819V01029,INE819V01029,24992.72,Aditya Infotech Limited,308
301,MANAPPURAM,NSE_EQ|INE522D01027,INE522D01027,24941.17,Manappuram Finance Limited,307
302,LALPATHLAB,NSE_EQ|INE600L01024,INE600L01024,24629.73,Dr. Lal Pathlabs Limited,309
303,KAYNES,NSE_EQ|INE918Z01012,INE918Z01012,24537.09,KAYNES TECHNOLOGY INDIA LIMITED,310
304,WOCKPHARMA,NSE_EQ|INE049B01025,INE049B01025,24392.73,Wockhardt Ltd,311
305,SHYAMMETL,NSE_EQ|INE810G01011,INE810G01011,24205.77,Shyam Metalics and Energy Limited,312
306,PNBHOUSING,NSE_EQ|INE572E01012,INE572E01012,24091.74,PNB Housing Finance Limited,313
307,NXST,NSE_EQ|INE0NDH25011,INE0NDH25011,23865.06,Nexus Select Trust,314
308,RAMCOCEM,NSE_EQ|INE331A01037,INE331A01037,23575.02,The Ramco Cements Limited,316
309,IGL,NSE_EQ|INE203G01027,INE203G01027,23296.66,Indraprashtha Gas Ltd.,317
310,AEGISVOPAK,NSE_EQ|INE0INX01018,INE0INX01018,23011.04,AEGIS VOPAK TERMINALS LIMITED,318
311,TENNIND,NSE_EQ|INE19RI01016,INE19RI01016,22698.13,Tenneco Clean Air India Limited,319
312,ASAHIINDIA,NSE_EQ|INE439A01020,INE439A01020,22653.80,Asahi India Glass Ltd.,320
313,KPITTECH,NSE_EQ|INE04I401011,INE04I401011,22582.92,KPIT Technologies Ltd,321
314,KIOCL,NSE_EQ|INE880L01014,INE880L01014,22464.94,KIOCL Limited,322
315,KIRLOSENG,NSE_EQ|INE146L01010,INE146L01010,22368.17,Kirloskar Oil Engines Limited,323
316,SUNTV,NSE_EQ|INE424H01027,INE424H01027,22253.65,SUN TV NETWORK LIMITED,324
317,DEEPAKNTR,NSE_EQ|INE288B01029,INE288B01029,21949.33,Deepak Nitrite Limited,325
318,CESC,NSE_EQ|INE486A01021,INE486A01021,21846.85,CESC Limited,326
319,PFIZER,NSE_EQ|INE182A01018,INE182A01018,21712.30,Pfizer Ltd.,327
320,SUMICHEM,NSE_EQ|INE258G01013,INE258G01013,21531.61,SUMITOMO CHEMICAL INDIA LIMITED,328
321,SAILIFE,NSE_EQ|INE570L01029,INE570L01029,21469.44,Sai Life Sciences Limited,329
322,IIFL,NSE_EQ|INE530B01024,INE530B01024,21385.08,IIFL FINANCE LIMITED,330
323,PPLPHARMA,NSE_EQ|INE0DK501011,INE0DK501011,21332.20,PIRAMAL PHARMA LIMITED,331
324,PINELABS,NSE_EQ|INE15B701018,INE15B701018,21230.30,Pine Labs Limited,332
325,ASTRAZEN,NSE_EQ|INE203A01020,INE203A01020,21211.80,AstraZeneca Pharma India Ltd.,333
326,HBLENGINE,NSE_EQ|INE292B01021,INE292B01021,21191.62,HBL ENGINEERING LIMITED,334
327,NETWEB,NSE_EQ|INE0NT901020,INE0NT901020,21054.30,NETWEB TECHNOLOGIES INDIA LIMITED,336
328,AADHARHFC,NSE_EQ|INE883F01010,INE883F01010,20730.17,Aadhar Housing Finance Limited,337
329,PFOCUS,NSE_EQ|INE367G01038,INE367G01038,20671.14,Prime Focus Limited,338
330,HATSUN,NSE_EQ|INE473B01035,INE473B01035,20669.82,Hatsun Agro Products Ltd.,339
331,CREDITACC,NSE_EQ|INE741K01010,INE741K01010,20635.20,CreditAccess Grameen Ltd.,340
332,KPIL,NSE_EQ|INE220B01022,INE220B01022,20428.62,KALPATARU PROJECTS INTERNATIONAL LIMITED,341
333,EIHOTEL,NSE_EQ|INE230A01023,INE230A01023,20064.08,EIH Ltd,344
334,RBLBANK,NSE_EQ|INE976G01028,INE976G01028,19954.30,RBL Bank Limited,346
335,ACUTAAS,NSE_EQ|INE00FF01025,INE00FF01025,19766.25,ACUTAAS CHEMICALS LIMITED,347
336,CUB,NSE_EQ|INE491A01021,INE491A01021,19745.96,City Union Bank Ltd,348
337,GESHIP,NSE_EQ|INE017A01032,INE017A01032,19686.38,Great Eastern Shipping Co. Ltd.,345
338,EMAMILTD,NSE_EQ|INE548C01032,INE548C01032,19503.62,Emami Ltd,349
339,GMDCLTD,NSE_EQ|INE131A01031,INE131A01031,19359.26,Gujarat Mineral Development Corpora,350
340,DATAPATTNS,NSE_EQ|INE0IX101010,INE0IX101010,19287.09,Data Patterns (India) Limited,351
341,ATUL,NSE_EQ|INE100A01010,INE100A01010,19095.14,Atul Limited.,352
342,ERIS,NSE_EQ|INE406M01024,INE406M01024,19051.23,Eris Lifesciences Limited,353
343,CRAFTSMAN,NSE_EQ|INE00LO01017,INE00LO01017,19018.38,Craftsman Automation Limited,354
344,REDINGTON,NSE_EQ|INE891D01026,INE891D01026,18990.60,Redington Limited,355
345,NEULANDLAB,NSE_EQ|INE794A01010,INE794A01010,18886.21,Neuland Laboratories Limited.,356
346,RRKABEL,NSE_EQ|INE777K01022,INE777K01022,18745.21,R R KABEL LIMITED,357
347,SYNGENE,NSE_EQ|INE398R01022,INE398R01022,18673.62,Syngene International Limited,359
348,SARDAEN,NSE_EQ|INE385C01021,INE385C01021,18659.25,Sarda Energy & Minerals Ltd,360
349,URBANCO,NSE_EQ|INE0CAZ01013,INE0CAZ01013,18594.67,Urban Company Limited,358
350,GRINDWELL,NSE_EQ|INE536A01023,INE536A01023,18579.02,Grindwell Norton Ltd.,361
351,ANANTRAJ,NSE_EQ|INE242C01024,INE242C01024,18561.51,Anant Raj Limited,362
352,TATACHEM,NSE_EQ|INE092A01019,INE092A01019,18313.04,Tata Chemicals Ltd,363
353,GPIL,NSE_EQ|INE177H01039,INE177H01039,18294.11,GODAWARI POWER AND ISPAT LTD.,364
354,CASTROLIND,NSE_EQ|INE172A01027,INE172A01027,18234.73,Castrol India Ltd,365
355,SUNDRMFAST,NSE_EQ|INE387A01021,INE387A01021,18199.63,Sundram Fasteners Ltd.,366
356,CAMS,NSE_EQ|INE596I01020,INE596I01020,18100.17,Computer Age Management Services Limited,368
357,CHAMBLFERT,NSE_EQ|INE085A01013,INE085A01013,18037.87,Chambal Fertilisers & Chemicals Ltd,369
358,SYRMA,NSE_EQ|INE0DYJ01015,INE0DYJ01015,17932.74,Syrma SGS Technology Limited,370
359,PSB,NSE_EQ|INE608A01012,INE608A01012,17921.26,PUNJAB & SIND BANK,371
360,BRIGADE,NSE_EQ|INE791I01019,INE791I01019,17871.87,Brigade Enterprises Limited,372
361,ONESOURCE,NSE_EQ|INE013P01021,INE013P01021,17806.43,Onesource Specialty Pharma Limited,373
362,FSL,NSE_EQ|INE684F01012,INE684F01012,17783.09,Firstsource Solutions Ltd.,374
363,BELRISE,NSE_EQ|INE894V01022,INE894V01022,17741.04,BELRISE INDUSTRIES LIMITED,375
364,CGCL,NSE_EQ|INE180C01042,INE180C01042,17635.95,Capri Global Capital Limited,376
365,JYOTICNC,NSE_EQ|INE980O01024,INE980O01024,17577.14,Jyoti CNC Automation Limited,377
366,CHALET,NSE_EQ|INE427F01016,INE427F01016,17504.05,Chalet Hotels Limited,378
367,TRITURBINE,NSE_EQ|INE152M01016,INE152M01016,17413.79,Triveni Turbine Limited,379
368,NATCOPHARM,NSE_EQ|INE987B01026,INE987B01026,17394.97,Natco Pharma Ltd.,380
369,DCMSHRIRAM,NSE_EQ|INE499A01024,INE499A01024,17388.24,DCM Shriram Limited,381
370,CARBORUNIV,NSE_EQ|INE120A01034,INE120A01034,17340.96,Carborundum Universal Ltd.,382
371,CIEINDIA,NSE_EQ|INE536H01010,INE536H01010,17170.62,CIE Automotive India Limited,383
372,EMMVEE,NSE_EQ|INE1C6T01020,INE1C6T01020,17008.67,Emmvee Photovoltaic Power Limited,384
373,NAVA,NSE_EQ|INE725A01030,INE725A01030,16869.27,NAVA LIMITED,386
374,RATNAMANI,NSE_EQ|INE703B01027,INE703B01027,16866.84,Ratnamani Metals & Tubes Ltd,385
375,JSWCEMENT,NSE_EQ|INE718I01012,INE718I01012,16776.69,JSW CEMENT LIMITED,387
376,KANSAINER,NSE_EQ|INE531A01024,INE531A01024,16737.16,Kansai Nerolac Paints,388
377,CENTURYPLY,NSE_EQ|INE348B01021,INE348B01021,16733.04,Century Plyboards (India) Ltd.,389
378,BHARATCOAL,NSE_EQ|INE05XR01022,INE05XR01022,16715.55,BHARAT COKING COAL LIMITED,390
379,IFCI,NSE_EQ|INE039A01010,INE039A01010,16667.84,IFCI Ltd.,391
380,CROMPTON,NSE_EQ|INE299U01018,INE299U01018,16657.62,Crompton Greaves Consumer Electricals Limited,392
381,INOXWIND,NSE_EQ|INE066P01011,INE066P01011,16631.91,Inox Wind Limited,393
382,ELGIEQUIP,NSE_EQ|INE285A01027,INE285A01027,16508.46,Elgi Equipments Ltd.,395
383,KAJARIACER,NSE_EQ|INE217B01036,INE217B01036,16446.06,Kajaria Ceramics Ltd,396
384,BIKAJI,NSE_EQ|INE00E101023,INE00E101023,16438.38,Bikaji Foods International Limited,397
385,JSWHL,NSE_EQ|INE824G01012,INE824G01012,16394.80,JSW Holdings Limited,398
386,ACMESOLAR,NSE_EQ|INE622W01025,INE622W01025,16391.17,ACME Solar Holdings Limited,394
387,VEDPOWER,NSE_EQ|INE694L01019,INE694L01019,16326.23,Vedanta Power Limited,399
388,HFCL,NSE_EQ|INE548A01028,INE548A01028,16315.18,HFCL LIMITED,400
389,KFINTECH,NSE_EQ|INE138Y01010,INE138Y01010,16160.79,KFin Technologies Limited,401
390,ECLERX,NSE_EQ|INE738I01010,INE738I01010,16125.67,eClerx Services Limited,402
391,GRANULES,NSE_EQ|INE101D01020,INE101D01020,16090.76,Granules India Ltd.,403
392,TRAVELFOOD,NSE_EQ|INE103V01028,INE103V01028,15838.75,TRAVEL FOOD SERVICES LIMITED,404
393,AARTIIND,NSE_EQ|INE769A01020,INE769A01020,15835.51,Aarti Industries Ltd,405
394,AVANTIFEED,NSE_EQ|INE871C01038,INE871C01038,15776.47,Avanti Feeds ltd.,407
395,LMW,NSE_EQ|INE269B01029,INE269B01029,15769.51,LMW Limited,408
396,VTL,NSE_EQ|INE825A01020,INE825A01020,15734.32,Vardhman Textiles Limted,409
397,VENTIVE,NSE_EQ|INE781S01027,INE781S01027,15699.58,Ventive Hospitality Limited,410
398,GALLANTT,NSE_EQ|INE297H01019,INE297H01019,15530.65,GALLANTT ISPAT LIMITED,412
399,BASF,NSE_EQ|INE373A01013,INE373A01013,15519.01,BASF India Ltd,413
400,FRACTAL,NSE_EQ|INE212S01015,INE212S01015,15452.48,Fractal Analytics Limited,414
401,CHOICEIN,NSE_EQ|INE102B01014,INE102B01014,15442.29,Choice International Ltd,411
402,PGEL,NSE_EQ|INE457L01029,INE457L01029,15400.55,PG Electroplast Limited,415
403,KEC,NSE_EQ|INE389H01022,INE389H01022,15298.97,KEC International Ltd.,416
404,ARE&M,NSE_EQ|INE885A01032,INE885A01032,15260.76,Amara Raja Energy & Mobility Limited,417
405,CMPDI,NSE_EQ|INE05HV01027,INE05HV01027,15235.31,Central Mine Planning & Design Institute Limited,418
406,TDPOWERSYS,NSE_EQ|INE419M01027,INE419M01027,15202.78,TD Power Systems Ltd,419
407,OLAELEC,NSE_EQ|INE0LXG01040,INE0LXG01040,15135.98,Ola Electric Mobility Limited,420
408,DEEPAKFERT,NSE_EQ|INE501A01019,INE501A01019,15088.92,Deepak Fertilizers &Petrochemicals,421
409,JUBLPHARMA,NSE_EQ|INE700A01033,INE700A01033,14966.33,JUBILANT PHARMOVA LIMITED,422
410,MTARTECH,NSE_EQ|INE864I01014,INE864I01014,14937.53,MTAR Technologies Limited,423
411,SOBHA,NSE_EQ|INE671H01015,INE671H01015,14905.68,Sobha Limited,424
412,POLYMED,NSE_EQ|INE205C01021,INE205C01021,14891.28,Poly Medicure Ltd,425
413,EIDPARRY,NSE_EQ|INE126A01031,INE126A01031,14883.87,E.I.D. Parry (India) Ltd.,426
414,ABREL,NSE_EQ|INE055A01016,INE055A01016,14834.32,ADITYA BIRLA REAL ESTATE LIMITED,427
415,COHANCE,NSE_EQ|INE03QK01018,INE03QK01018,14797.67,Cohance Lifesciences Limited,428
416,RUBICON,NSE_EQ|INE506V01022,INE506V01022,14778.30,RUBICON RESEARCH LIMITED,429
417,APLLTD,NSE_EQ|INE901L01018,INE901L01018,14767.02,ALEMBIC PHARMACEUTICALS LIMITED,430
418,ANURAS,NSE_EQ|INE930P01018,INE930P01018,14740.78,Anupam Rasayan India Limited,431
419,CHENNPETRO,NSE_EQ|INE178A01016,INE178A01016,14703.12,Chennai Petroleum Corporation Ltd.,432
420,MAHSCOOTER,NSE_EQ|INE288A01013,INE288A01013,14682.30,Maharashtra Scooters Ltd.,433
421,ZYDUSWELL,NSE_EQ|INE768C01028,INE768C01028,14679.78,Zydus Wellness Limited,434
422,IGIL,NSE_EQ|INE0Q9301021,INE0Q9301021,14586.40,International Gemological Institute Limited,435
423,VINATIORGA,NSE_EQ|INE410B01037,INE410B01037,14547.85,Vinati Organics Ltd.,437
424,DEVYANI,NSE_EQ|INE872J01023,INE872J01023,14526.98,Devyani International Limited,438
425,ABDL,NSE_EQ|INE552Z01027,INE552Z01027,14514.68,Allied Blenders and Distillers Limited,439
426,SANSERA,NSE_EQ|INE953O01021,INE953O01021,14496.91,Sansera Engineering Limited,440
427,SAMMAANCAP,NSE_EQ|INE148I01020,INE148I01020,14449.51,Sammaan Capital Limited,436
428,NIVABUPA,NSE_EQ|INE995S01015,INE995S01015,14422.08,NIVA BUPA HEALTH INSURANCE COMPANY LIMITED,441
429,AGARWALEYE,NSE_EQ|INE943P01029,INE943P01029,14385.43,Dr. Agarwal's Health Care Limited,442
430,BEML,NSE_EQ|INE258A01024,INE258A01024,14356.12,BEML Ltd,444
431,JBMA,NSE_EQ|INE927D01051,INE927D01051,14343.58,JBM Auto Limited,445
432,GABRIEL,NSE_EQ|INE524A01029,INE524A01029,14343.18,Gabriel India Ltd.,446
433,THELEELA,NSE_EQ|INE0AQ201015,INE0AQ201015,14336.64,Leela Palaces Hotels & Resorts Limited,447
434,CEATLTD,NSE_EQ|INE482A01020,INE482A01020,14325.55,Ceat Ltd.,448
435,SHRIPISTON,NSE_EQ|INE526E01018,INE526E01018,14305.86,SHRIRAM PISTONS & RINGS LTD,449
436,CUPID,NSE_EQ|INE509F01029,INE509F01029,14268.88,Cupid Limited,450
437,TBOTEK,NSE_EQ|INE673O01025,INE673O01025,14218.70,TBO TEK LIMITED,451
438,JAINREC,NSE_EQ|INE0YD401026,INE0YD401026,14192.24,Jain Resource Recycling Limited,452
439,CAPLIPOINT,NSE_EQ|INE475E01026,INE475E01026,14142.41,Caplin Point Laboratories Ltd.,453
440,CCL,NSE_EQ|INE421D01022,INE421D01022,14105.74,CCL Products (India) Ltd.,454
441,DOMS,NSE_EQ|INE321T01012,INE321T01012,14086.93,DOMS Industries Limited,455
442,KSB,NSE_EQ|INE999A01023,INE999A01023,14076.73,KSB LIMITED,456
443,FINCABLES,NSE_EQ|INE235A01022,INE235A01022,13978.92,Finolex Cables Ltd.,457
444,VGUARD,NSE_EQ|INE951I01027,INE951I01027,13957.26,V-Guard Industries Ltd.,458
445,FINEORG,NSE_EQ|INE686Y01026,INE686Y01026,13898.19,Fine Organic Industries Limited,459
446,STLTECH,NSE_EQ|INE089C01029,INE089C01029,13864.05,Sterlite Technologies Limited.,460
447,J&KBANK,NSE_EQ|INE168A01041,INE168A01041,13681.95,Jammu and Kashmir Bank Ltd.,461
448,IRCON,NSE_EQ|INE962Y01021,INE962Y01021,13672.55,IRCON International Ltd,462
449,LTFOODS,NSE_EQ|INE818H01020,INE818H01020,13670.41,LT Foods Limited,463
450,JSWDULUX,NSE_EQ|INE133A01011,INE133A01011,13665.59,JSW Dulux Limited,464
451,CANHLIFE,NSE_EQ|INE01TY01017,INE01TY01017,13637.79,Canara HSBC Life Insurance Company Limited,465
452,ZENTEC,NSE_EQ|INE251B01027,INE251B01027,13596.63,Zen Technologies Ltd.,466
453,USHAMART,NSE_EQ|INE228A01035,INE228A01035,13490.72,Usha Martin Ltd.,467
454,MINDACORP,NSE_EQ|INE842C01021,INE842C01021,13471.04,Minda Corporation Limited,468
455,FIVESTAR,NSE_EQ|INE128S01021,INE128S01021,13270.45,Five-Star Business Finance Ltd.,470
456,JINDALSAW,NSE_EQ|INE324A01032,INE324A01032,13267.38,Jindal Saw Ltd.,471
457,CEMPRO,NSE_EQ|INE686A01026,INE686A01026,13161.26,Cemindia Projects Limited,472
458,VOGL,NSE_EQ|INE704J01044,INE704J01044,13088.78,Vedanta Oil and Gas Limited,473
459,GRAPHITE,NSE_EQ|INE371A01025,INE371A01025,13067.20,Graphite India Ltd.,474
460,KIRLOSBROS,NSE_EQ|INE732A01036,INE732A01036,12988.57,Kirloskar Brothers Ltd.,475
461,TRIDENT,NSE_EQ|INE064C01022,INE064C01022,12911.16,Trident Ltd,476
462,TECHNOE,NSE_EQ|INE285K01026,INE285K01026,12845.35,Techno Electric & Engineering Company Limited,479
463,ZENSARTECH,NSE_EQ|INE520A01027,INE520A01027,12792.81,Zensar Technologies Ltd.,480
464,RAINBOW,NSE_EQ|INE961O01016,INE961O01016,12776.68,Rainbow Children's Medicare Limited,481
465,ABLBL,NSE_EQ|INE14LE01019,INE14LE01019,12756.25,Aditya Birla Lifestyle Brands Limited,482
466,TEGA,NSE_EQ|INE011K01018,INE011K01018,12747.55,Tega Industries Limited,478
467,UTIAMC,NSE_EQ|INE094J01016,INE094J01016,12744.06,UTI Asset Management Company Limited,483
468,SPLPETRO,NSE_EQ|INE663A01033,INE663A01033,12697.37,Supreme Petrochem Ltd.,484
469,APTUS,NSE_EQ|INE852O01025,INE852O01025,12650.85,Aptus Value Housing Finance India Limited,485
470,WELSPUNLIV,NSE_EQ|INE192B01031,INE192B01031,12646.91,WELSPUN LIVING LIMITED,486
471,INDIAMART,NSE_EQ|INE933S01016,INE933S01016,12640.58,IndiaMART InterMESH Limited,487
472,PARADEEP,NSE_EQ|INE088F01024,INE088F01024,12636.28,Paradeep Phosphates Limited,477
473,CLEANMAX,NSE_EQ|INE647U01026,INE647U01026,12629.08,Clean Max Enviro Energy Solutions Limited,489
474,INDIACEM,NSE_EQ|INE383A01012,INE383A01012,12626.85,India Cements Ltd.,490
475,JKTYRE,NSE_EQ|INE573A01042,INE573A01042,12603.67,JK Tyre & Industries Ltd.,488
476,FIRSTCRY,NSE_EQ|INE02RE01045,INE02RE01045,12515.68,Brainbees Solutions Limited,491
477,BLUEDART,NSE_EQ|INE233B01017,INE233B01017,12471.60,Blue Dart Express Ltd.,492
478,SCI,NSE_EQ|INE109A01011,INE109A01011,12458.97,Shipping Corporation Of India Ltd,493
479,JMFINANCIL,NSE_EQ|INE780C01023,INE780C01023,12454.60,JM Financial Limited,494
480,THANGAMAYL,NSE_EQ|INE085J01014,INE085J01014,12437.83,Thangamayil Jewellery Limited,495
481,CONCORDBIO,NSE_EQ|INE338H01029,INE338H01029,12377.75,Concord Biotech Limited,496
482,NSLNISP,NSE_EQ|INE0NNS01018,INE0NNS01018,12322.37,NMDC Steel Limited,497
483,INGERRAND,NSE_EQ|INE177A01018,INE177A01018,12278.06,Ingersoll-Rand (India) Ltd.,498
484,INOXINDIA,NSE_EQ|INE616N01034,INE616N01034,12255.97,INOX India Limited,499
485,SIGNATURE,NSE_EQ|INE903U01023,INE903U01023,12198.52,SIGNATUREGLOBAL (INDIA) LIMITED,500
486,JWL,NSE_EQ|INE209L01016,INE209L01016,12168.26,JUPITER WAGONS LIMITED,501
487,ALIVUS,NSE_EQ|INE03Q201024,INE03Q201024,12133.98,ALIVUS LIFE SCIENCES LIMITED,502
488,ENGINERSIN,NSE_EQ|INE510A01028,INE510A01028,12113.31,Engineers India Ltd.,503
489,HAPPYFORGE,NSE_EQ|INE330T01021,INE330T01021,12071.42,Happy Forgings Limited,504
490,PRIVISCL,NSE_EQ|INE959A01019,INE959A01019,11886.14,PRIVI SPECIALITY CHEMICALS LIMITED,505
491,INDGN,NSE_EQ|INE065X01017,INE065X01017,11879.69,Indegene Limited,506
492,GRAVITA,NSE_EQ|INE024L01027,INE024L01027,11844.68,GRAVITA INDIA LIMITED,507
493,AFCONS,NSE_EQ|INE101I01011,INE101I01011,11828.93,Afcons Infrastructure Limited,508
494,SKFINDUS,NSE_EQ|INE2J8701016,INE2J8701016,11802.37,SKF INDIA (INDUSTRIAL) LIMITED,509
495,CANFINHOME,NSE_EQ|INE477A01020,INE477A01020,11586.42,Can Fin Homes Ltd.,510
496,AZAD,NSE_EQ|INE02IJ01035,INE02IJ01035,11576.93,Azad Engineering Limited,511
497,JPPOWER,NSE_EQ|INE351F01018,INE351F01018,11562.87,Jaiprakash Power Ventures Limited,512
498,NUVOCO,NSE_EQ|INE118D01016,INE118D01016,11453.95,Nuvoco Vistas Corporation Limited,513
499,HOMEFIRST,NSE_EQ|INE481N01025,INE481N01025,11441.28,Home First Finance Company India Limited,514
500,IEX,NSE_EQ|INE022Q01020,INE022Q01020,11291.32,Indian Energy Exchange Limited,516
501,BBOX,NSE_EQ|INE676A01027,INE676A01027,11276.43,BLACK BOX LIMITED,515
502,SWANCORP,NSE_EQ|INE665A01038,INE665A01038,11274.89,Swan Corp Limited,517
503,BLS,NSE_EQ|INE153T01027,INE153T01027,11247.17,BLS International Services Ltd,518
504,PCBL,NSE_EQ|INE602A01031,INE602A01031,11217.09,PCBL Chemical Limited,519
505,RPOWER,NSE_EQ|INE614G01033,INE614G01033,11202.39,Reliance Power Limited,520
506,BBTC,NSE_EQ|INE050A01025,INE050A01025,11202.27,The Bombay Burmah Trading Corporation Ltd.,521
507,UJJIVANSFB,NSE_EQ|INE551W01018,INE551W01018,11181.77,Ujjivan Small Finance Bank Limited,522
508,VIJAYA,NSE_EQ|INE043W01024,INE043W01024,11151.51,Vijaya Diagnostic Centre Limited,523
509,GODREJAGRO,NSE_EQ|INE850D01014,INE850D01014,11132.05,Godrej Agrovet Limited,524
510,LUMAXTECH,NSE_EQ|INE872H01027,INE872H01027,10960.31,Lumax Auto Technologies Ltd.,525
511,FINPIPE,NSE_EQ|INE183A01024,INE183A01024,10884.99,Finolex Industries Ltd.,526
512,HEG,NSE_EQ|INE545A01024,INE545A01024,10863.00,HEG Ltd.,527
513,AEQUS,NSE_EQ|INE947N01017,INE947N01017,10845.67,Aequs Limited,528
514,WHIRLPOOL,NSE_EQ|INE716A01013,INE716A01013,10841.76,Whirlpool of India Ltd,529
515,MGL,NSE_EQ|INE002S01010,INE002S01010,10780.28,Mahanagar Gas Limited,530
516,HONASA,NSE_EQ|INE0J5401028,INE0J5401028,10744.31,Honasa Consumer Limited,531
517,EDELWEISS,NSE_EQ|INE532F01054,INE532F01054,10716.07,Edelweiss Financial Services Ltd.,532
518,SHAILY,NSE_EQ|INE151G01028,INE151G01028,10706.02,Shaily Engineering Plastics Ltd.,533
519,SOUTHBANK,NSE_EQ|INE683A01023,INE683A01023,10701.58,South Indian Bank Ltd.,534
520,PRUDENT,NSE_EQ|INE00F201020,INE00F201020,10683.84,Prudent Corporate Advisory Services Limited,535
521,VISL,NSE_EQ|INE1CLE01013,INE1CLE01013,10633.77,Vedanta Iron and Steel Limited,536
522,AAVAS,NSE_EQ|INE216P01012,INE216P01012,10582.85,AAVAS Financiers Limited,537
523,CYIENT,NSE_EQ|INE136B01020,INE136B01020,10571.99,Cyient Limited,538
524,ACE,NSE_EQ|INE731H01025,INE731H01025,10556.27,Action Construction Equipments Ltd.,539
525,MANYAVAR,NSE_EQ|INE825V01034,INE825V01034,10519.34,Vedant Fashions Limited,540
526,BLACKBUCK,NSE_EQ|INE0UIZ01018,INE0UIZ01018,10500.58,BlackBuck Limited,541
527,ASTRAMICRO,NSE_EQ|INE386C01029,INE386C01029,10459.67,Astra Microwave Products Ltd.,542
528,TMB,NSE_EQ|INE668A01016,INE668A01016,10450.77,Tamilnad Mercantile Bank Limited,543
529,INTELLECT,NSE_EQ|INE306R01017,INE306R01017,10417.92,INTELLECT DESIGN ARENA LIMITED,544
530,TITAGARH,NSE_EQ|INE615H01020,INE615H01020,10360.62,TITAGARH RAIL SYSTEMS LIMITED,545
531,SANDUMA,NSE_EQ|INE149K01016,INE149K01016,10353.26,Sandur Manganese & Iron Ores Ltd.,546
532,ARVIND,NSE_EQ|INE034A01011,INE034A01011,10345.98,Arvind Ltd.,547
533,BSOFT,NSE_EQ|INE836A01035,INE836A01035,10339.67,BIRLASOFT LIMITED,548
534,JUBLINGREA,NSE_EQ|INE0BY001018,INE0BY001018,10325.18,Jubilant Ingrevia Limited,549
535,SBFC,NSE_EQ|INE423Y01016,INE423Y01016,10298.42,SBFC Finance Limited,550
536,SANOFICONR,NSE_EQ|INE0UOS01011,INE0UOS01011,10288.33,Sanofi Consumer Healthcare India Limited,551
537,ELECON,NSE_EQ|INE205B01031,INE205B01031,10260.20,Elecon Engineering Co.Ltd.,552
538,GRWRHITECH,NSE_EQ|INE291A01017,INE291A01017,10254.82,GARWARE HI-TECH FILMS LIMITED,553
539,RITES,NSE_EQ|INE320J01015,INE320J01015,10234.06,RITES Limited,554
540,MEDPLUS,NSE_EQ|INE804L01022,INE804L01022,10220.94,Medplus Health Services Limited,555
541,RAILTEL,NSE_EQ|INE0DD101019,INE0DD101019,10184.88,RailTel Corporation of India Limited,556
542,METROPOLIS,NSE_EQ|INE112L01020,INE112L01020,10159.92,Metropolis Healthcare Limited,557
543,IIFLCAPS,NSE_EQ|INE489L01022,INE489L01022,10105.04,IIFL CAPITAL SERVICES LIMITED,559
544,APOLLO,NSE_EQ|INE713T01028,INE713T01028,10051.83,Apollo Micro Systems Limited,560
545,TI,NSE_EQ|INE133E01013,INE133E01013,10019.24,Tilaknagar Industries Ltd,558
546,NAZARA,NSE_EQ|INE418L01047,INE418L01047,9990.41,Nazara Technologies Limited,561
547,ATLANTAELE,NSE_EQ|INE0Z4F01028,INE0Z4F01028,9968.76,Atlanta Electricals Limited,563
548,RKFORGE,NSE_EQ|INE399G01023,INE399G01023,9929.74,ramkrishna forgings Ltd.,564
549,CARTRADE,NSE_EQ|INE290S01011,INE290S01011,9928.10,CarTrade Tech Limited,565
550,CORONA,NSE_EQ|INE02ZQ01018,INE02ZQ01018,9906.27,Corona Remedies Limited,566
551,BALRAMCHIN,NSE_EQ|INE119A01028,INE119A01028,9882.73,Balrampur Chini Mills Ltd.,567
552,VESUVIUS,NSE_EQ|INE386A01023,INE386A01023,9781.28,Vesuvius India Ltd.,568
553,PVRINOX,NSE_EQ|INE191H01014,INE191H01014,9770.89,PVR INOX LIMITED,569
554,BATAINDIA,NSE_EQ|INE176A01028,INE176A01028,9749.87,Bata India Limited,570
555,WAAREERTL,NSE_EQ|INE299N01021,INE299N01021,9720.21,WAAREE RENEWABLE TECHNOLOGIES LIMITED,571
556,MMTC,NSE_EQ|INE123F01029,INE123F01029,9577.36,MMTC Ltd.,572
557,EUREKAFORB,NSE_EQ|INE0KCE01017,INE0KCE01017,9548.28,Eureka Forbes Limited,574
558,NCC,NSE_EQ|INE868B01028,INE868B01028,9505.39,NCC Limited,575
559,OLECTRA,NSE_EQ|INE260D01016,INE260D01016,9454.03,OLECTRA GREENTECH LIMITED,576
560,LEMONTREE,NSE_EQ|INE970X01018,INE970X01018,9447.88,Lemon Tree Hotels Limited,577
561,PARKHOSPS,NSE_EQ|INE119201023,INE119201023,9163.00,PARK MEDI WORLD LIMITED,578
562,VOLTAMP,NSE_EQ|INE540H01012,INE540H01012,9041.86,VOLTAMP TRANSFORMERS LIMITED,579
563,STAR,NSE_EQ|INE939A01011,INE939A01011,9014.39,STRIDES PHARMA SCIENCE LIMITED,580
564,SHARDACROP,NSE_EQ|INE221J01015,INE221J01015,9004.02,Sharda Cropchem Limited,581
565,TSFINV,NSE_EQ|INE202Z01029,INE202Z01029,8985.39,TSF Investments Ltd.,582
566,ESABINDIA,NSE_EQ|INE284A01012,INE284A01012,8952.75,Esab India Ltd.,583
567,GRINFRA,NSE_EQ|INE201P01022,INE201P01022,8926.40,G R Infraprojects Limited,584
568,PGHL,NSE_EQ|INE199A01012,INE199A01012,8924.65,PROCTER & GAMBLE HEALTH LIMITED,585
569,STARCEMENT,NSE_EQ|INE460H01021,INE460H01021,8902.69,Star Cement Limited,591
570,TARIL,NSE_EQ|INE763I01026,INE763I01026,8881.89,Transformers and Rectifiers (India) Limited,586
571,TIMETECHNO,NSE_EQ|INE508G01029,INE508G01029,8877.40,Time Technoplast Limited,587
572,SEDEMAC,NSE_EQ|INE00XB01019,INE00XB01019,8874.63,SEDEMAC MECHATRONICS LIMITED,588
573,SHADOWFAX,NSE_EQ|INE12UN01015,INE12UN01015,8861.70,SHADOWFAX TECHNOLOGIES LIMITED,589
574,BANCOINDIA,NSE_EQ|INE213C01025,INE213C01025,8849.72,Banco Products (India) Ltd.,590
575,MARKSANS,NSE_EQ|INE750C01026,INE750C01026,8792.39,Marksans Pharma Ltd.,592
576,HCG,NSE_EQ|INE075I01017,INE075I01017,8755.33,HealthCare Global Enterprises Limited,593
577,KTKBANK,NSE_EQ|INE614B01018,INE614B01018,8730.70,Karnataka Bank Ltd.,594
578,GENUSPOWER,NSE_EQ|INE955D01029,INE955D01029,8719.39,Genus Power Infrastructures Ltd.,595
579,ASKAUTOLTD,NSE_EQ|INE491J01022,INE491J01022,8680.70,ASK Automotive Limited,596
580,KIRLPNU,NSE_EQ|INE811A01020,INE811A01020,8582.59,Kirloskar Pneumatic Co.Ltd.,599
581,ZEEL,NSE_EQ|INE256A01028,INE256A01028,8577.63,Zee Entertainment Enterprises Ltd.,600
582,WABAG,NSE_EQ|INE956G01038,INE956G01038,8568.66,VA Tech Wabag Limited,601
583,AMAGI,NSE_EQ|INE121R01077,INE121R01077,8553.98,Amagi Media Labs Limited,602
584,JYOTHYLAB,NSE_EQ|INE668F01031,INE668F01031,8537.72,JYOTHY LABS LIMITED,603
585,LLOYDSENT,NSE_EQ|INE080I01025,INE080I01025,8511.22,LLOYDS ENTERPRISES LIMITED,597
586,JLHL,NSE_EQ|INE682M01012,INE682M01012,8478.97,Jupiter Life Line Hospitals Limited,604
587,JAYNECOIND,NSE_EQ|INE854B01010,INE854B01010,8444.21,Jayaswal Neco Industries Ltd,605
588,VARROC,NSE_EQ|INE665L01035,INE665L01035,8434.82,Varroc Engineering Limited,606
589,RHIM,NSE_EQ|INE743M01012,INE743M01012,8391.99,RHI MAGNESITA INDIA LIMITED,607
590,INDIASHLTR,NSE_EQ|INE922K01024,INE922K01024,8364.04,India Shelter Finance Corporation Limited,609
591,TTML,NSE_EQ|INE517B01013,INE517B01013,8337.20,Tata Teleservices (Maharashtra) Ltd.,610
592,SAFARI,NSE_EQ|INE429E01023,INE429E01023,8330.10,Safari Industries (India) Ltd.,611
593,TRIVENI,NSE_EQ|INE256C01024,INE256C01024,8329.33,Triveni Engineering & Industries Ltd,612
594,SKFINDIA,NSE_EQ|INE640A01023,INE640A01023,8316.39,SKF India Ltd.,613
595,SANOFI,NSE_EQ|INE058A01010,INE058A01010,8306.50,Sanofi India Ltd,614
596,MANORAMA,NSE_EQ|INE00VM01036,INE00VM01036,8289.60,Manorama Industries Limited,615
597,RELAXO,NSE_EQ|INE131B01039,INE131B01039,8281.90,Relaxo Footwears Ltd.,616
598,CLEAN,NSE_EQ|INE227W01023,INE227W01023,8280.39,Clean Science and Technology Limited,617
599,JKLAKSHMI,NSE_EQ|INE786A01032,INE786A01032,8279.80,JK Lakshmi Cement Limited,618
600,ORKLAINDIA,NSE_EQ|INE16NZ01023,INE16NZ01023,8268.00,Orkla India Limited,619
601,VIYASH,NSE_EQ|INE807F01027,INE807F01027,8238.36,VIYASH SCIENTIFIC LIMITED,598
602,KPIGREEN,NSE_EQ|INE542W01025,INE542W01025,8182.58,KPI Green Energy Limited,620
603,DIACABS,NSE_EQ|INE989C01038,INE989C01038,8155.18,Diamond Power Infrastructure Limited,622
604,EMBDL,NSE_EQ|INE069I01010,INE069I01010,8141.32,EMBASSY DEVELOPMENTS LIMITED,623
605,NESCO,NSE_EQ|INE317F01035,INE317F01035,8112.40,Nesco Ltd,624
606,JSLL,NSE_EQ|INE0J5801029,INE0J5801029,8092.28,Jeena Sikho Lifecare Limited,626
607,IXIGO,NSE_EQ|INE0HV901016,INE0HV901016,8073.49,Le Travenues Technology Limited,627
608,GMRP&UI,NSE_EQ|INE0CU601026,INE0CU601026,8070.44,GMR Power and Urban Infra Limited,625
609,ALKYLAMINE,NSE_EQ|INE150B01039,INE150B01039,7987.91,Alkyl Amines Chemicals Ltd.,628
610,KRBL,NSE_EQ|INE001B01026,INE001B01026,7959.37,KRBL Ltd.,629
611,AKUMS,NSE_EQ|INE09XN01023,INE09XN01023,7952.63,Akums Drugs and Pharmaceuticals Limited,630
612,ABFRL,NSE_EQ|INE647O01011,INE647O01011,7888.78,Aditya Birla Fashion and Retail Limited,631
613,PNGJL,NSE_EQ|INE953R01016,INE953R01016,7879.34,P N GADGIL JEWELLERS LIMITED,632
614,MAHSEAMLES,NSE_EQ|INE271B01025,INE271B01025,7835.28,Maharashtra Seamless Ltd.,633
615,GPPL,NSE_EQ|INE517F01014,INE517F01014,7833.27,Gujarat Pipavav Port Limited,634
616,SONATSOFTW,NSE_EQ|INE269A01021,INE269A01021,7822.44,Sonata Software Ltd.,635
617,TEJASNET,NSE_EQ|INE010J01012,INE010J01012,7818.99,Tejas Networks Limited,636
618,SHILPAMED,NSE_EQ|INE790G01031,INE790G01031,7723.72,Shilpa Medicare Ltd.,637
619,RELIGARE,NSE_EQ|INE621H01010,INE621H01010,7693.10,Religare Enterprises Ltd,638
620,AVALON,NSE_EQ|INE0LCL01028,INE0LCL01028,7683.88,Avalon Technologies Limited,639
621,V2RETAIL,NSE_EQ|INE945H01021,INE945H01021,7650.69,V2 Retail Limited,640
622,EQUITASBNK,NSE_EQ|INE063P01018,INE063P01018,7605.50,Equitas Small Finance Bank Limited,641
623,CAMPUS,NSE_EQ|INE278Y01022,INE278Y01022,7556.43,Campus Activewear Limited,642
624,BIRLACORPN,NSE_EQ|INE340A01012,INE340A01012,7547.90,Birla Corporation Ltd.,643
625,QPOWER,NSE_EQ|INE0SII01026,INE0SII01026,7540.55,QUALITY POWER ELECTRICAL EQUIPMENTS LIMITED,644
626,BLUEJET,NSE_EQ|INE0KBH01020,INE0KBH01020,7532.23,Blue Jet Healthcare Limited,645
627,TCI,NSE_EQ|INE688A01022,INE688A01022,7531.57,Transport Corporation of India Ltd,646
628,WESTLIFE,NSE_EQ|INE274F01020,INE274F01020,7475.47,WESTLIFE FOODWORLD LIMITED,647
629,TIPSMUSIC,NSE_EQ|INE716B01029,INE716B01029,7462.75,TIPS MUSIC LIMITED,651
630,VIKRAMSOLR,NSE_EQ|INE078V01014,INE078V01014,7462.60,Vikram Solar Limited,648
631,UTLSOLAR,NSE_EQ|INE12UR01024,INE12UR01024,7461.33,Fujiyama Power Systems Limited,649
632,MAHLIFE,NSE_EQ|INE813A01018,INE813A01018,7439.38,Mahindra Lifespace Developers Ltd.,652
633,WEWORK,NSE_EQ|INE085001019,INE085001019,7430.18,WeWork India Management Limited,650
634,SUDEEPPHRM,NSE_EQ|INE0QPI01025,INE0QPI01025,7428.56,Sudeep Pharma Limited,654
635,LLOYDSENGG,NSE_EQ|INE093R01011,INE093R01011,7425.87,LLOYDS ENGINEERING WORKS LIMITED,653
636,NEWGEN,NSE_EQ|INE619B01017,INE619B01017,7417.31,Newgen Software Technologies Limited,655
637,RATEGAIN,NSE_EQ|INE0CLI01024,INE0CLI01024,7399.80,RateGain Travel Technologies Limited,656
638,BLUESTONE,NSE_EQ|INE304W01038,INE304W01038,7324.90,BlueStone Jewellery and Lifestyle Limited,657
639,PGIL,NSE_EQ|INE940H01022,INE940H01022,7320.46,Pearl Global Industries Limited,658
640,TTKPRESTIG,NSE_EQ|INE690A01028,INE690A01028,7318.70,TTK Prestige Ltd.,659
641,IMFA,NSE_EQ|INE919H01018,INE919H01018,7285.14,Indian Metals & Ferro Alloys Limited,660
642,POWERMECH,NSE_EQ|INE211R01019,INE211R01019,7253.58,Power Mech Projects Limited,661
643,DBL,NSE_EQ|INE917M01012,INE917M01012,7223.99,Dilip Buildcon Limited,662
644,PCJEWELLER,NSE_EQ|INE785M01021,INE785M01021,7137.50,PC JEWELLER LIMITED,664
645,RCF,NSE_EQ|INE027A01015,INE027A01015,7099.62,Rashtriya Chemicals & Fertilizers Limited,666
646,SAREGAMA,NSE_EQ|INE979A01025,INE979A01025,7089.49,Saregama India Ltd.,667
647,PRICOLLTD,NSE_EQ|INE726V01018,INE726V01018,7068.16,Pricol Limited,670
648,TRANSRAILL,NSE_EQ|INE454P01035,INE454P01035,7031.72,Transrail Lighting Limited,671
649,THYROCARE,NSE_EQ|INE594H01019,INE594H01019,6975.63,Thyrocare Technologies Limited,673
650,ACI,NSE_EQ|INE128X01021,INE128X01021,6972.42,Archean Chemical Industries Limited,674
651,LATENTVIEW,NSE_EQ|INE0I7C01011,INE0I7C01011,6967.93,Latent View Analytics Limited,675
652,SHAKTIPUMP,NSE_EQ|INE908D01010,INE908D01010,6967.21,Shakti Pumps (India) Ltd.,676
653,GNFC,NSE_EQ|INE113A01013,INE113A01013,6954.62,Gujarat Narmada Valley Fert.Co.Ltd,677
654,SUDARSCHEM,NSE_EQ|INE659A01023,INE659A01023,6953.01,Sudarshan Chemical Indus. Ltd.,678
655,MIDHANI,NSE_EQ|INE099Z01011,INE099Z01011,6938.92,Mishra Dhatu Nigam Limited,681
656,REDTAPE,NSE_EQ|INE0LXT01019,INE0LXT01019,6938.84,REDTAPE Limited,680
657,BORORENEW,NSE_EQ|INE666D01022,INE666D01022,6920.55,BOROSIL RENEWABLES LIMITED,679
658,ALOKINDS,NSE_EQ|INE270A01029,INE270A01029,6884.84,Alok Industries Ltd.,682
659,AXISCADES,NSE_EQ|INE555B01013,INE555B01013,6880.65,AXISCADES TECHNOLOGIES LIMITED,683
660,EPL,NSE_EQ|INE255A01020,INE255A01020,6869.60,EPL LIMITED,684
661,WELENT,NSE_EQ|INE625G01013,INE625G01013,6852.39,Welspun Enterprises Limited,685
662,CSBBANK,NSE_EQ|INE679A01013,INE679A01013,6849.39,CSB Bank Limited,686
663,LOTUSDEV,NSE_EQ|INE0V9Q01010,INE0V9Q01010,6844.19,Sri Lotus Developers and Realty Limited,687
664,CERA,NSE_EQ|INE739E01017,INE739E01017,6834.51,Cera Sanitaryware Ltd.,688
665,DYNAMATECH,NSE_EQ|INE221B01012,INE221B01012,6820.17,Dynamatic Technologies Ltd.,689
666,ISGEC,NSE_EQ|INE858B01029,INE858B01029,6757.71,ISGEC Heavy Engineering Limited,690
667,INOXGREEN,NSE_EQ|INE510W01014,INE510W01014,6729.66,INOX GREEN ENERGY SERVICES LIMITED,691
668,GAEL,NSE_EQ|INE036B01030,INE036B01030,6720.68,Gujarat Ambuja Exports Ltd.,692
669,DODLA,NSE_EQ|INE021O01019,INE021O01019,6718.46,Dodla Dairy Limited,693
670,GSFC,NSE_EQ|INE026A01025,INE026A01025,6709.34,Gujarat State Fertilizers & Chem.Ltd,694
671,KALPATARU,NSE_EQ|INE227J01012,INE227J01012,6700.99,Kalpataru Limited,695
672,KWIL,NSE_EQ|INE2KCE01013,INE2KCE01013,6633.50,Kwality Wall’s (India) Limited,696
673,AVL,NSE_EQ|INE679V01027,INE679V01027,6622.26,Aditya Vision Limited,697
674,MAXESTATES,NSE_EQ|INE03EI01018,INE03EI01018,6573.00,Max Estates Limited,698
675,GALAXYSURF,NSE_EQ|INE600K01018,INE600K01018,6523.49,Galaxy Surfactants Limited,699
676,ETHOSLTD,NSE_EQ|INE04TZ01018,INE04TZ01018,6522.09,ETHOS LIMITED,700
677,SHREEJISPG,NSE_EQ|INE1B6101010,INE1B6101010,6478.86,Shreeji Shipping Global Limited,701
678,GARFIBRES,NSE_EQ|INE276A01018,INE276A01018,6467.48,GARWARE TECHNICAL FIBRES LIMITED,702
679,TANLA,NSE_EQ|INE483C01032,INE483C01032,6466.61,TANLA PLATFORMS LIMITED,703
680,POWERICA,NSE_EQ|INE921L01032,INE921L01032,6393.94,Powerica Ltd.,704
681,AARTIPHARM,NSE_EQ|INE0LRU01027,INE0LRU01027,6371.07,Aarti Pharmalabs Limited,705
682,JAIBALAJI,NSE_EQ|INE091G01026,INE091G01026,6325.16,Jai Balaji Industries Limited,706
683,PRSMJOHNSN,NSE_EQ|INE010A01011,INE010A01011,6309.11,PRISM JOHNSON LIMITED.,707
684,MOIL,NSE_EQ|INE490G01020,INE490G01020,6308.19,MOIL Limited,708
685,INDIAGLYCO,NSE_EQ|INE560A01023,INE560A01023,6268.24,India Glycols Ltd,709
686,PARAS,NSE_EQ|INE045601023,INE045601023,6256.67,Paras Defence and Space Technologies Limited,710
687,SFL,NSE_EQ|INE916U01025,INE916U01025,6256.55,Sheela Foam Limited,711
688,KINGFA,NSE_EQ|INE473D01015,INE473D01015,6243.94,Kingfa Science & Technology (India) Ltd,712
689,SKYGOLD,NSE_EQ|INE01IU01018,INE01IU01018,6218.65,Sky Gold And Diamonds Limited,713
690,PRAJIND,NSE_EQ|INE074A01025,INE074A01025,6178.38,Praj Industries Ltd.,714
691,SGMART,NSE_EQ|INE385F01024,INE385F01024,6159.51,SG MART LIMITED,724
692,BECTORFOOD,NSE_EQ|INE495P01020,INE495P01020,6119.16,Mrs. Bectors Food Specialities Limited,715
693,PRECWIRE,NSE_EQ|INE372C01037,INE372C01037,6107.76,Precision Wires India ltd.,716
694,ASHAPURMIN,NSE_EQ|INE348A01023,INE348A01023,6100.05,Ashapura Minechem Ltd,717
695,FDC,NSE_EQ|INE258B01022,INE258B01022,6091.49,FDC Ltd.,719
696,KRN,NSE_EQ|INE0Q3J01015,INE0Q3J01015,6068.99,KRN HEAT EXCHANGER AND REFRIGERATION LIMITED,718
697,SAPPHIRE,NSE_EQ|INE806T01020,INE806T01020,6064.39,Sapphire Foods India Limited,720
698,ARVINDFASN,NSE_EQ|INE955V01021,INE955V01021,6053.58,Arvind Fashions Limited,721
699,HNDFDS,NSE_EQ|INE254N01026,INE254N01026,6033.51,Hindustan Foods Ltd.,722
700,GREENLAM,NSE_EQ|INE544R01021,INE544R01021,6019.66,Greenlam Industries Ltd,723
701,DBREALTY,NSE_EQ|INE879I01012,INE879I01012,6008.87,VALOR ESTATE LIMITED,725
702,SUPRAJIT,NSE_EQ|INE399C01030,INE399C01030,5983.57,Suprajit Engineering Ltd.,726
703,AJAXENGG,NSE_EQ|INE274Y01021,INE274Y01021,5972.74,AJAX Engineering Limited,727
704,JKPAPER,NSE_EQ|INE789E01012,INE789E01012,5937.30,JK Paper Ltd.,729
705,DCBBANK,NSE_EQ|INE503A01015,INE503A01015,5880.73,DCB Bank Limited,730
706,SMLMAH,NSE_EQ|INE294B01019,INE294B01019,5853.48,SML Mahindra Limited,731
707,HAPPSTMNDS,NSE_EQ|INE419U01012,INE419U01012,5829.24,Happiest Minds Technologies Limited,732
708,SUPRIYA,NSE_EQ|INE07RO01027,INE07RO01027,5817.93,Supriya Lifescience Limited,733
709,FIEMIND,NSE_EQ|INE737H01014,INE737H01014,5812.76,FIEM INDUSTRIES LIMITED,734
710,E2E,NSE_EQ|INE255Z01027,INE255Z01027,5809.40,E2E Networks Limited,669
711,SJS,NSE_EQ|INE284S01014,INE284S01014,5807.83,S.J.S. Enterprises Limited,735
712,MAPMYINDIA,NSE_EQ|INE0BV301023,INE0BV301023,5781.25,C.E. Info Systems Limited,736
713,GANESHHOU,NSE_EQ|INE460C01014,INE460C01014,5772.33,GANESH HOUSING LIMITED,737
714,GOKULAGRO,NSE_EQ|INE314T01033,INE314T01033,5770.36,Gokul Agro Resources Ltd,738
715,NEPHROPLUS,NSE_EQ|INE428V01029,INE428V01029,5747.70,Nephrocare Health Services Limited,739
716,MASFIN,NSE_EQ|INE348L01012,INE348L01012,5723.20,MAS Financial Services Limited,740
717,PICCADIL,NSE_EQ|INE546C01010,INE546C01010,5688.81,Piccadily Agro Industries ltd.,741
718,ICIL,NSE_EQ|INE483B01026,INE483B01026,5671.62,Indo Count Industries Ltd,742
719,BAJAJCON,NSE_EQ|INE933K01021,INE933K01021,5597.52,BAJAJ CONSUMER CARE LIMITED,743
720,LGBBROSLTD,NSE_EQ|INE337A01034,INE337A01034,5497.76,L.g.Balkrishnan & Bros. Ltd.,744
721,AHLUCONT,NSE_EQ|INE758C01029,INE758C01029,5490.64,Ahluwalia Contracts (India) Ltd,745
722,FEDFINA,NSE_EQ|INE007N01010,INE007N01010,5477.73,Fedbank Financial Services Limited,746
723,SYMPHONY,NSE_EQ|INE225D01027,INE225D01027,5467.69,Symphony Limited,747
724,PNCINFRA,NSE_EQ|INE195J01029,INE195J01029,5446.19,PNC Infratech Limited,748
725,IONEXCHANG,NSE_EQ|INE570A01022,INE570A01022,5445.99,Ion Exchange (India) Ltd,749
726,CMRGREEN,NSE_EQ|INE00WV01027,INE00WV01027,5422.12,CMR Green Technologies Limited,750
727,CEIGALL,NSE_EQ|INE0AG901020,INE0AG901020,5399.52,Ceigall India Limited,751
728,RUSTOMJEE,NSE_EQ|INE263M01029,INE263M01029,5380.90,Keystone Realtors Limited,754
729,BALUFORGE,NSE_EQ|INE011E01029,INE011E01029,5368.53,BALU FORGE INDUSTRIES LIMITED,752
730,SAATVIKGL,NSE_EQ|INE13B501022,INE13B501022,5355.92,Saatvik Green Energy Limited,755
731,ICRA,NSE_EQ|INE725G01011,INE725G01011,5346.62,ICRA Limited,756
732,MASTEK,NSE_EQ|INE759A01021,INE759A01021,5330.17,Mastek Limited,757
733,SENCO,NSE_EQ|INE602W01027,INE602W01027,5328.52,Senco Gold Limited,758
734,NETWORK18,NSE_EQ|INE870H01013,INE870H01013,5320.50,Network 18 Media & Investments Limited,759
735,RENUKA,NSE_EQ|INE087H01022,INE087H01022,5309.84,Shree Renuka Sugars Ltd.,760
736,TIIL,NSE_EQ|INE545H01011,INE545H01011,5308.48,Technocraft Industries (India) Ltd.,761
737,MHRIL,NSE_EQ|INE998I01010,INE998I01010,5293.21,Mahindra Holidays & Resorts India Limited,762
738,PTC,NSE_EQ|INE877F01012,INE877F01012,5281.86,PTC India Ltd,763
739,HCC,NSE_EQ|INE549A01026,INE549A01026,5233.02,Hindustan Construction Co. Ltd.,764
740,SURYAROSNI,NSE_EQ|INE335A01020,INE335A01020,5226.42,Surya Roshni Ltd.,766
741,SUNFLAG,NSE_EQ|INE947A01014,INE947A01014,5165.74,Sunflag Iron & Steel Co. Ltd.,768
742,RAYMONDLSL,NSE_EQ|INE02ID01020,INE02ID01020,5149.89,Raymond Lifestyle Limited,769
743,CCAVENUE,NSE_EQ|INE483S01020,INE483S01020,5140.43,AvenuesAI Limited,765
744,WAKEFIT,NSE_EQ|INE0E7301029,INE0E7301029,5135.94,Wakefit Innovations Limited,770
745,PURVA,NSE_EQ|INE323I01011,INE323I01011,5105.67,Puravankara Limited,771
746,SUNTECK,NSE_EQ|INE805D01034,INE805D01034,5102.48,Sunteck Realty Ltd,772
747,CRAMC,NSE_EQ|INE218I01013,INE218I01013,5083.98,Canara Robeco Asset Management Company Limited,773
748,PILANIINVS,NSE_EQ|INE417C01014,INE417C01014,5081.05,Pilani Investment And Industries Corporation Limited,774
749,THOMASCOOK,NSE_EQ|INE332A01027,INE332A01027,5048.61,Thomas Cook (India) Ltd.,775
750,ENTERO,NSE_EQ|INE010601016,INE010601016,5043.46,Entero Healthcare Solutions Limited,776
751,CMSINFO,NSE_EQ|INE925R01014,INE925R01014,5039.55,CMS Info Systems Limited,777
752,SPARC,NSE_EQ|INE232I01014,INE232I01014,5036.44,Sun Pharma Advanced Research Company Ltd.,778
753,JAMNAAUTO,NSE_EQ|INE039C01032,INE039C01032,5033.65,Jamna Auto Industries Ltd.,779
754,GULFOILLUB,NSE_EQ|INE635Q01029,INE635Q01029,5016.11,Gulf Oil Lubricants India Limited,780
755,RAIN,NSE_EQ|INE855B01025,INE855B01025,5015.26,Rain Industries Limited,781
756,LUMAXIND,NSE_EQ|INE162B01018,INE162B01018,5012.79,Lumax Industries Ltd.,782
757,GOKEX,NSE_EQ|INE887G01027,INE887G01027,5009.16,Gokaldas Exports Ltd,783
758,SMARTWORKS,NSE_EQ|INE0NAZ01010,INE0NAZ01010,5006.34,SMARTWORKS COWORKING SPACES LIMITED,784
759,TVSSCS,NSE_EQ|INE395N01027,INE395N01027,4991.00,TVS Supply Chain Solutions Limited,785
760,UEL,NSE_EQ|INE899L01030,INE899L01030,4981.86,Ujaas Energy Limited,917
761,SUBROS,NSE_EQ|INE287B01021,INE287B01021,4978.09,Subros Ltd.,786
762,VMART,NSE_EQ|INE665J01013,INE665J01013,4964.67,V-Mart Retail Limited,787
763,RALLIS,NSE_EQ|INE613A01020,INE613A01020,4941.48,Rallis India Ltd,788
764,JUSTDIAL,NSE_EQ|INE599M01018,INE599M01018,4926.65,Just Dial Limited,789
765,SHARDAMOTR,NSE_EQ|INE597I01028,INE597I01028,4917.03,Sharda Motor Industries Ltd,790
766,SIS,NSE_EQ|INE285J01028,INE285J01028,4889.06,SIS LIMITED,791
767,CARERATING,NSE_EQ|INE752H01013,INE752H01013,4861.61,CARE Ratings Limited,794
768,AURIONPRO,NSE_EQ|INE132H01018,INE132H01018,4861.57,Aurionpro Solutions Ltd.,793
769,RTNPOWER,NSE_EQ|INE399K01017,INE399K01017,4822.53,RattanIndia Power Limited,795
770,SKIPPER,NSE_EQ|INE439E01022,INE439E01022,4817.21,Skipper Limited,796
771,MIDWESTLTD,NSE_EQ|INE0XAD01024,INE0XAD01024,4804.91,Midwest Limited,797
772,DHANUKA,NSE_EQ|INE435G01025,INE435G01025,4803.85,Dhanuka Agritech Ltd.,798
773,UNIMECH,NSE_EQ|INE0U3I01011,INE0U3I01011,4775.21,Unimech Aerospace and Manufacturing Limited,799
774,VIPIND,NSE_EQ|INE054A01027,INE054A01027,4774.60,V.I.P. Industries Ltd.,800
775,JUNIPER,NSE_EQ|INE696F01016,INE696F01016,4774.51,Juniper Hotels Limited,801
776,IFBIND,NSE_EQ|INE559A01017,INE559A01017,4762.10,IFB Industries Limited,802
777,ELECTCAST,NSE_EQ|INE086A01029,INE086A01029,4717.77,Electrosteel Castings Ltd.,803
778,OMNI,NSE_EQ|INE0UH301010,INE0UH301010,4692.00,Omnitech Engineering Limited,804
779,RTNINDIA,NSE_EQ|INE834M01019,INE834M01019,4681.97,RATTANINDIA ENTERPRISES LIMITED,805
780,EPIGRAL,NSE_EQ|INE071N01016,INE071N01016,4655.68,Epigral Limited,807
781,ITDC,NSE_EQ|INE353K01014,INE353K01014,4649.97,India Tourism Development Corporati,808
782,SUVEN,NSE_EQ|INE495B01038,INE495B01038,4638.45,Suven Life Sciences Ltd.,806
783,SHILCTECH,NSE_EQ|INE024F01011,INE024F01011,4621.30,Shilchar Technologies Ltd.,809
784,SWSOLAR,NSE_EQ|INE00M201021,INE00M201021,4618.45,STERLING AND WILSON RENEWABLE ENERGY LIMITED,810
785,RESPONIND,NSE_EQ|INE688D01026,INE688D01026,4565.33,Responsive Industries Ltd,811
786,INDIGOPNTS,NSE_EQ|INE09VQ01012,INE09VQ01012,4552.79,Indigo Paints Limited,812
787,VRLLOG,NSE_EQ|INE366I01010,INE366I01010,4531.63,VRL Logistics Limited,817
788,VSTTILLERS,NSE_EQ|INE764D01017,INE764D01017,4520.84,V.S.T.Tillers Tractors Ltd.,814
789,BANARISUG,NSE_EQ|INE459A01010,INE459A01010,4517.55,Bannari Amman Sugars Ltd.,815
790,KSCL,NSE_EQ|INE455I01029,INE455I01029,4516.67,Kaveri Seed Company Ltd,816
791,SWARAJENG,NSE_EQ|INE277A01016,INE277A01016,4493.49,Swaraj Engines Ltd.,818
792,BANSALWIRE,NSE_EQ|INE0B9K01025,INE0B9K01025,4484.67,Bansal Wire Industries Limited,819
793,GHCL,NSE_EQ|INE539A01019,INE539A01019,4456.51,GHCL Ltd.,820
794,BALAMINES,NSE_EQ|INE050E01027,INE050E01027,4434.23,Balaji Amines Ltd.,821
795,TEXRAIL,NSE_EQ|INE621L01012,INE621L01012,4432.45,Texmaco Rail & Engineering Limited,822
796,KMEW,NSE_EQ|INE0CJD01029,INE0CJD01029,4419.07,Knowledge Marine & Engineering Works Limited,823
797,MANINFRA,NSE_EQ|INE949H01023,INE949H01023,4408.37,MAN INFRACONSTRUCTION LIMITED,824
798,DATAMATICS,NSE_EQ|INE365B01017,INE365B01017,4401.12,Datamatics Global Services Limited,825
799,PDSL,NSE_EQ|INE111Q01021,INE111Q01021,4384.57,PDS LIMITED,826
800,JSFB,NSE_EQ|INE953L01027,INE953L01027,4364.34,JANA SMALL FINANCE BANK LIMITED,827
801,INNOVACAP,NSE_EQ|INE0DUT01020,INE0DUT01020,4362.91,INNOVA CAPTAB LIMITED,828
802,OSWALPUMPS,NSE_EQ|INE0BYP01024,INE0BYP01024,4351.71,Oswal Pumps Limited,829
803,CAPILLARY,NSE_EQ|INE0ILV01024,INE0ILV01024,4340.84,Capillary Technologies India Limited,830
804,EBGNG,NSE_EQ|INE18JU01028,INE18JU01028,4336.15,GNG Electronics Limited,831
805,BAJAJELEC,NSE_EQ|INE193E01025,INE193E01025,4322.95,Bajaj Electricals Ltd.,832
806,MBAPL,NSE_EQ|INE900L01010,INE900L01010,4309.01,Madhya Bharat Agro Products Ltd.,833
807,KISSHT,NSE_EQ|INE12F801023,INE12F801023,4305.75,OnEMI Technology Solutions Limited,834
808,NIITMTS,NSE_EQ|INE342G01023,INE342G01023,4263.56,NIIT Learning Systems Limited,836
809,ZOTA,NSE_EQ|INE358U01012,INE358U01012,4253.26,Zota Health Care Ltd.,838
810,GUJALKALI,NSE_EQ|INE186A01019,INE186A01019,4248.20,Gujarat Alkalis & Chemicals Ltd.,839
811,NORTHARC,NSE_EQ|INE850M01015,INE850M01015,4216.79,Northern Arc Capital Ltd.,840
812,SENORES,NSE_EQ|INE0RB801010,INE0RB801010,4187.38,SENORES PHARMACEUTICALS LIMITED,841
813,GOLDIAM,NSE_EQ|INE025B01025,INE025B01025,4183.09,Goldiam International Ltd.,842
814,STYL,NSE_EQ|INE04VU01023,INE04VU01023,4160.37,Seshaasai Technologies Limited,844
815,CENTUM,NSE_EQ|INE320B01020,INE320B01020,4159.54,Centum Electronics Ltd,843
816,STYLAMIND,NSE_EQ|INE239C01020,INE239C01020,4141.43,Stylam Industries Limited,845
817,TARC,NSE_EQ|INE0EK901012,INE0EK901012,4134.15,TARC LIMITED,846
818,VSTIND,NSE_EQ|INE710A01016,INE710A01016,4119.61,VST Industries Ltd.,847
819,GMMPFAUDLR,NSE_EQ|INE541A01023,INE541A01023,4059.49,GMM Pfaudler Ltd.,848
820,AVANTEL,NSE_EQ|INE005B01027,INE005B01027,4049.70,Avantel Limited,849
821,TURTLEMINT,NSE_EQ|INE0OC301013,INE0OC301013,4004.47,Turtlemint Fintech Solutions Limited,851
822,EMIL,NSE_EQ|INE02YR01019,INE02YR01019,3997.71,Electronics Mart India Limited,853
823,AGIIL,NSE_EQ|INE976R01033,INE976R01033,3997.57,AGI Infra Limited,852
824,GOODLUCK,NSE_EQ|INE127I01024,INE127I01024,3972.12,Goodluck India Limited,855
825,EMUDHRA,NSE_EQ|INE01QM01018,INE01QM01018,3953.70,eMudhra Limited,870
826,NEOGEN,NSE_EQ|INE136S01016,INE136S01016,3952.80,Neogen Chemicals Limited,856
827,LXCHEM,NSE_EQ|INE576O01020,INE576O01020,3951.98,Laxmi Organic Industries Limited,857
828,DBCORP,NSE_EQ|INE950I01011,INE950I01011,3916.67,D.B.Corp Limited,859
829,JKIL,NSE_EQ|INE576I01022,INE576I01022,3908.05,J. Kumar Infraprojects Limited,860
830,ARTEMISMED,NSE_EQ|INE025R01021,INE025R01021,3905.39,Artemis Medicare Services Limited,861
831,AGI,NSE_EQ|INE415A01038,INE415A01038,3900.91,AGI GREENPAC LIMITED,863
832,CRIZAC,NSE_EQ|INE0S4R01014,INE0S4R01014,3900.17,CRIZAC LIMITED,864
833,RELINFRA,NSE_EQ|INE036A01016,INE036A01016,3897.61,Reliance Infrastructure Ltd,862
834,CHEMPLASTS,NSE_EQ|INE488A01050,INE488A01050,3883.40,Chemplast Sanmar Limited,865
835,HEMIPROP,NSE_EQ|INE0AJG01018,INE0AJG01018,3878.31,Hemisphere Properties India Limited,866
836,GREAVESCOT,NSE_EQ|INE224A01026,INE224A01026,3875.09,Greaves Cotton Ltd.,867
837,HGINFRA,NSE_EQ|INE926X01010,INE926X01010,3866.17,H.G. Infra Engineering Limited,868
838,POCL,NSE_EQ|INE063E01053,INE063E01053,3852.48,Pondy Oxides & Chemicals Limited,869
839,ANUP,NSE_EQ|INE294Z01018,INE294Z01018,3827.88,The Anup Engineering Ltd,871
840,PAISALO,NSE_EQ|INE420C01059,INE420C01059,3824.05,PAISALO DIGITAL LIMITED,872
841,PACEDIGITK,NSE_EQ|INE0S3G01027,INE0S3G01027,3823.05,Pace Digitek Limited,873
842,RBA,NSE_EQ|INE07T201019,INE07T201019,3821.67,Restaurant Brands Asia Limited,874
843,AEROFLEX,NSE_EQ|INE024001021,INE024001021,3804.15,Aeroflex Industries Limited,876
844,RAJESHEXPO,NSE_EQ|INE343B01030,INE343B01030,3775.40,Rajesh Exports Ltd.,877
845,NFL,NSE_EQ|INE870D01012,INE870D01012,3771.28,National Fertilizers Ltd.,878
846,ASHOKA,NSE_EQ|INE442H01029,INE442H01029,3769.75,Ashoka Buildcon Limited,879
847,ORIENTELEC,NSE_EQ|INE142Z01019,INE142Z01019,3764.89,Orient Electric Limited,881
848,MOSCHIP,NSE_EQ|INE935B01025,INE935B01025,3763.98,MOSCHIP TECHNOLOGIES LIMITED,880
849,RPEL,NSE_EQ|INE912T01018,INE912T01018,3749.61,RAGHAV PRODUCTIVITY ENHANCERS LIMITED,883
850,JTEKTINDIA,NSE_EQ|INE643A01035,INE643A01035,3739.51,JTEKT India Limited,884
851,VAIBHAVGBL,NSE_EQ|INE884A01027,INE884A01027,3735.66,Vaibhav Global Ltd,885
852,GUJTHEM,NSE_EQ|INE942C01045,INE942C01045,3733.22,Gujarat Themis Biosyn Ltd.,886
853,SHOPERSTOP,NSE_EQ|INE498B01024,INE498B01024,3725.39,Shoppers Stop Ltd,887
854,KNRCON,NSE_EQ|INE634I01029,INE634I01029,3720.08,KNR Constructions Limited,888
855,SIGMAADV,NSE_EQ|INE933B01012,INE933B01012,3707.63,SIGMA ADVANCED SYSTEMS LIMITED,875
856,GVPIL,NSE_EQ|INE878A01011,INE878A01011,3703.38,GE Power India Limited,889
857,BOSCH-HCIL,NSE_EQ|INE782A01015,INE782A01015,3693.31,BOSCH HOME COMFORT INDIA LIMITED,892
858,VISHNU,NSE_EQ|INE270I01022,INE270I01022,3692.57,Vishnu Chemicals Limited,893
859,FOSECOIND,NSE_EQ|INE519A01011,INE519A01011,3658.72,Foseco India Ltd,895
860,NACLIND,NSE_EQ|INE295D01020,INE295D01020,3656.93,NACL Industries Limited,896
861,STYRENIX,NSE_EQ|INE189B01011,INE189B01011,3647.63,Styrenix Performance Materials Limited,898
862,ROLEXRINGS,NSE_EQ|INE645S01024,INE645S01024,3647.41,Rolex Rings Limited,897
863,INDRAMEDCO,NSE_EQ|INE681B01017,INE681B01017,3645.04,Indraprastha Medical Corporation Lt,899
864,WEBELSOLAR,NSE_EQ|INE855C01023,INE855C01023,3644.73,Websol Energy System Limited,894
865,MAHLOG,NSE_EQ|INE766P01016,INE766P01016,3642.62,Mahindra Logistics Limited,900
866,GOPAL,NSE_EQ|INE0L9R01028,INE0L9R01028,3640.15,Gopal Snacks Limited,901
867,OPTIEMUS,NSE_EQ|INE350C01017,INE350C01017,3626.94,Optiemus Infracom Limited,903
868,KSHINTL,NSE_EQ|INE987S01020,INE987S01020,3622.17,KSH INTERNATIONAL LIMITED,904
869,SINDHUTRAD,NSE_EQ|INE325D01025,INE325D01025,3615.50,Sindhu Trade Links Limited,905
870,SAMHI,NSE_EQ|INE08U801020,INE08U801020,3609.74,Samhi Hotels Limited,906
871,ELLEN,NSE_EQ|INE236E01022,INE236E01022,3608.27,ELLENBARRIE INDUSTRIAL GASES LIMITED,908
872,HEIDELBERG,NSE_EQ|INE578A01017,INE578A01017,3607.88,HeidelbergCement India Limited,909
873,IBULLSLTD,NSE_EQ|INE126M01010,INE126M01010,3581.49,Indiabulls Limited,910
874,INDIQUBE,NSE_EQ|INE06ST01018,INE06ST01018,3564.82,INDIQUBE SPACES LIMITED,911
875,SANATHAN,NSE_EQ|INE0JPD01013,INE0JPD01013,3557.49,Sanathan Textiles Limited,914
876,ADVENZYMES,NSE_EQ|INE837H01020,INE837H01020,3555.62,Advanced Enzyme Technologies Limited,912
877,SEAMECLTD,NSE_EQ|INE497B01018,INE497B01018,3554.01,Seamec Ltd,913
878,RSYSTEMS,NSE_EQ|INE411H01032,INE411H01032,3534.11,R Systems International Limited,915
879,KRISHANA,NSE_EQ|INE506W01012,INE506W01012,3513.78,Krishana Phoschem Ltd.,916
880,HARSHA,NSE_EQ|INE0JUS01029,INE0JUS01029,3491.38,Harsha Engineers International Limited,918
881,ORCHPHARMA,NSE_EQ|INE191A01027,INE191A01027,3489.96,Orchid Pharma Limited,919
882,SMSPHARMA,NSE_EQ|INE812G01025,INE812G01025,3488.07,SMS Pharmaceuticals Ltd,920
883,VADILALIND,NSE_EQ|INE694D01016,INE694D01016,3482.04,Vadilal Industries Ltd.,921
884,REFEX,NSE_EQ|INE056I01025,INE056I01025,3473.15,Refex Industries Limited,922
885,RPGLIFE,NSE_EQ|INE105J01010,INE105J01010,3468.09,RPG Life Sciences Limited,923
886,LUXIND,NSE_EQ|INE150G01020,INE150G01020,3460.42,LUX Industries Limited,924
887,SHANTIGEAR,NSE_EQ|INE631A01022,INE631A01022,3454.64,Shanthi Gears Ltd.,925
888,ARSSBL,NSE_EQ|INE549H01021,INE549H01021,3440.21,ANAND RATHI SHARE AND STOCK BROKERS LIMITED,927
889,INDOSTAR,NSE_EQ|INE896L01010,INE896L01010,3406.32,IndoStar Capital Finance Limited,926
890,AARTIDRUGS,NSE_EQ|INE767A01016,INE767A01016,3391.33,Aarti Drugs Limited,930
891,MANINDS,NSE_EQ|INE993A01026,INE993A01026,3387.49,Man Industries (India) Ltd,931
892,ROUTE,NSE_EQ|INE450U01017,INE450U01017,3373.99,Route Mobile Limited,933
893,KITEX,NSE_EQ|INE602G01020,INE602G01020,3347.18,Kitex Garmenets Ltd.,934
894,MSTCLTD,NSE_EQ|INE255X01014,INE255X01014,3335.91,MSTC Limited,935
895,ZAGGLE,NSE_EQ|INE07K301024,INE07K301024,3310.45,ZAGGLE PREPAID OCEAN SERVICES LIMITED,937
896,ASHIANA,NSE_EQ|INE365D01021,INE365D01021,3307.10,Ashiana Housing Limited,938
897,SANDHAR,NSE_EQ|INE278H01035,INE278H01035,3304.88,Sandhar Technologies Limited,939
898,RAMRAT,NSE_EQ|INE207E01023,INE207E01023,3301.52,Ram Ratna Wires Ltd.,940
899,INDOTHAI,NSE_EQ|INE337M01021,INE337M01021,3299.60,Indo Thai Securities Limited,936
900,KSL,NSE_EQ|INE907A01026,INE907A01026,3284.83,Kalyani Steels Ltd,941
901,PITTIENG,NSE_EQ|INE450D01021,INE450D01021,3282.65,PITTI ENGINEERING LIMITED,942
902,SSWL,NSE_EQ|INE802C01033,INE802C01033,3278.80,Steel Strips & Wheels Ltd,943
903,KIRLOSIND,NSE_EQ|INE250A01039,INE250A01039,3278.00,Kirloskar Industries Ltd,944
904,TFCILTD,NSE_EQ|INE305A01023,INE305A01023,3269.93,Tourism Finance Corpn. Of India Ltd,945
905,RAYMONDREL,NSE_EQ|INE1SY401010,INE1SY401010,3261.85,Raymond Realty Limited,946
906,RAMKY,NSE_EQ|INE874I01013,INE874I01013,3256.88,Ramky Infrastructure Limited,947
907,HERITGFOOD,NSE_EQ|INE978A01027,INE978A01027,3247.94,Heritage Foods Limited,948
908,FLAIR,NSE_EQ|INE00Y201027,INE00Y201027,3226.96,Flair Writing Industries Limited,949
909,AYE,NSE_EQ|INE501X01029,INE501X01029,3223.74,Aye Finance Limited,950
910,INTERARCH,NSE_EQ|INE00M901018,INE00M901018,3217.37,Interarch Building Solutions Limited,951
911,EIEL,NSE_EQ|INE0LLY01014,INE0LLY01014,3211.55,ENVIRO INFRA ENGINEERS LIMITED,952
912,WONDERLA,NSE_EQ|INE066O01014,INE066O01014,3199.23,Wonderla Holidays Limited,953
913,KOLTEPATIL,NSE_EQ|INE094I01018,INE094I01018,3198.65,Kolte-Patil Developers Ltd,954
914,NAVNETEDUL,NSE_EQ|INE060A01024,INE060A01024,3162.85,Navneet Education Limited,955
915,FCL,NSE_EQ|INE045J01034,INE045J01034,3151.43,Fineotex Chemical Limited,956
916,UFLEX,NSE_EQ|INE516A01017,INE516A01017,3150.31,Uflex Limited,957
917,GUFICBIO,NSE_EQ|INE742B01025,INE742B01025,3116.92,Gufic BioSciences Ltd.,959
918,SBCL,NSE_EQ|INE386D01027,INE386D01027,3092.45,Shivalik Bimetal Controls Ltd.,960
919,MARATHON,NSE_EQ|INE182D01020,INE182D01020,3089.70,Marathon Nextgen Realty Ltd,963
920,PSPPROJECT,NSE_EQ|INE488V01015,INE488V01015,3087.88,PSP Projects Limited,961
921,QUESS,NSE_EQ|INE615P01015,INE615P01015,3087.72,Quess Corp Limited,962
922,MUTHOOTMF,NSE_EQ|INE046W01019,INE046W01019,3061.82,Muthoot Microfin Limited,966
923,SHAREINDIA,NSE_EQ|INE932X01026,INE932X01026,3046.80,Share India Securities Limited,967
924,SAMBHV,NSE_EQ|INE12NJ01018,INE12NJ01018,3031.69,SAMBHV STEEL TUBES LIMITED,968
925,KDDL,NSE_EQ|INE291D01011,INE291D01011,3031.60,KDDL Ltd,969
926,BALMLAWRIE,NSE_EQ|INE164A01016,INE164A01016,3026.32,Balmer Lawrie & Co. Ltd.,970
927,ORIENTCEM,NSE_EQ|INE876N01018,INE876N01018,3015.67,ORIENT CEMENT LIMITED,971
928,CARRARO,NSE_EQ|INE0V7W01012,INE0V7W01012,3008.58,CARRARO INDIA LIMITED,972
929,GREENPLY,NSE_EQ|INE461C01038,INE461C01038,2999.55,Greenply Industries Ltd,973
930,TVSSRICHAK,NSE_EQ|INE421C01016,INE421C01016,2989.95,TVS Srichakra Ltd.,974
931,CYIENTDLM,NSE_EQ|INE055S01018,INE055S01018,2985.56,Cyient DLM Limited,975
932,WSTCSTPAPR,NSE_EQ|INE976A01021,INE976A01021,2984.80,West Coast Paper Mills Limited,976
933,BBL,NSE_EQ|INE464A01036,INE464A01036,2981.62,Bharat Bijlee Ltd.,977
934,HUBTOWN,NSE_EQ|INE703H01016,INE703H01016,2974.83,Hubtown Limited,978
935,BAJAJHIND,NSE_EQ|INE306A01021,INE306A01021,2973.89,Bajaj Hindusthan Sugar Limited,964
936,DCAL,NSE_EQ|INE385W01011,INE385W01011,2967.91,Dishman Carbogen Amcis Limited,979
937,BHAGCHEM,NSE_EQ|INE414D01027,INE414D01027,2958.99,Bhagiradha Chemicals and Industries,980
938,NSIL,NSE_EQ|INE023A01030,INE023A01030,2950.21,Nalwa Sons Investment Ltd,983
939,RAYMOND,NSE_EQ|INE301A01014,INE301A01014,2950.20,Raymond Limited,982
940,RPTECH,NSE_EQ|INE0J1F01024,INE0J1F01024,2946.75,Rashi Peripherals Limited,984
941,63MOONS,NSE_EQ|INE111B01023,INE111B01023,2937.87,63 Moons Technologies Limited,985
942,SUNCLAY,NSE_EQ|INE0Q3R01026,INE0Q3R01026,2931.07,SUNDARAM-CLAYTON LIMITED,988
943,NRBBEARING,NSE_EQ|INE349A01021,INE349A01021,2930.48,NRB Bearings Ltd.,986
944,MPSLTD,NSE_EQ|INE943D01017,INE943D01017,2929.90,MPS Limited,987
945,BOROLTD,NSE_EQ|INE02PY01013,INE02PY01013,2911.42,Borosil Limited,990
946,PREMEXPLN,NSE_EQ|INE863B01029,INE863B01029,2910.30,Premier Explosives Ltd.,991
947,MAITHANALL,NSE_EQ|INE683C01011,INE683C01011,2905.42,Maithan Alloys Limited,992
948,KKCL,NSE_EQ|INE401H01017,INE401H01017,2897.54,Kewal Kiran Clothing Ltd.,994
949,MARINE,NSE_EQ|INE01JE01028,INE01JE01028,2893.44,Marine Electricals (India) Ltd.,995
950,EFCIL,NSE_EQ|INE886D01026,INE886D01026,2892.99,EFC (I) LIMITED,981
951,GATEWAY,NSE_EQ|INE079J01017,INE079J01017,2871.54,Gateway Distriparks Limited,996
952,HIRECT,NSE_EQ|INE835D01023,INE835D01023,2866.53,Hind Rectifiers Ltd.,997
953,TATVA,NSE_EQ|INE0GK401011,INE0GK401011,2849.58,Tatva Chintan Pharma Chem Limited,999
954,BLISSGVS,NSE_EQ|INE416D01022,INE416D01022,2840.15,Bliss GVS Pharma Limited,1000
955,PARAGMILK,NSE_EQ|INE883N01014,INE883N01014,2837.82,Parag Milk Foods Limited,1001
956,JUBLCPL,NSE_EQ|INE03CC01015,INE03CC01015,2831.43,Jubilant Agri and Consumer Products Limited,1003
957,PRINCEPIPE,NSE_EQ|INE689W01016,INE689W01016,2819.26,Prince Pipes and Fittings Limited,1004
958,JINDALPOLY,NSE_EQ|INE197D01010,INE197D01010,2812.01,Jindal Poly Films Ltd.,1005
959,GRMOVER,NSE_EQ|INE192H01020,INE192H01020,2810.91,GRM Overseas Ltd.,1002
960,DREDGECORP,NSE_EQ|INE506A01018,INE506A01018,2793.88,Dredging Corporation of India Ltd.,1006
961,MEDIASSIST,NSE_EQ|INE456Z01021,INE456Z01021,2792.45,Medi Assist Healthcare Services Limited,1007
962,ROSSARI,NSE_EQ|INE02A801020,INE02A801020,2791.92,ROSSARI BIOTECH LIMITED,1009
963,UNIVCABLES,NSE_EQ|INE279A01012,INE279A01012,2785.96,Universal Cables Ltd.,993
964,AUTOAXLES,NSE_EQ|INE449A01011,INE449A01011,2765.66,Automotive Axles Ltd.,1012
965,DEEPINDS,NSE_EQ|INE0FHS01024,INE0FHS01024,2749.01,Deep Industries Limited,1014
966,PATELENG,NSE_EQ|INE244B01030,INE244B01030,2743.00,Patel Engineering Ltd,1016
967,POKARNA,NSE_EQ|INE637C01025,INE637C01025,2738.81,Pokarna Ltd.,1018
968,WHEELS,NSE_EQ|INE715A01015,INE715A01015,2736.78,WHEELS INDIA LTD,1019
969,POLYPLEX,NSE_EQ|INE633B01018,INE633B01018,2736.05,Polyplex Corporation Ltd.,1020
970,SOTL,NSE_EQ|INE035D01020,INE035D01020,2728.37,Savita Oil Technologies Limited,1021
971,SANGHVIMOV,NSE_EQ|INE989A01032,INE989A01032,2713.92,Sanghvi Movers Ltd.,1022
972,EASEMYTRIP,NSE_EQ|INE07O001026,INE07O001026,2710.40,Easy Trip Planners Limited,1023
973,IOLCP,NSE_EQ|INE485C01029,INE485C01029,2709.83,IOL Chemicals & Pharmaceuticals Ltd,1024
974,GLOBUSSPR,NSE_EQ|INE615I01010,INE615I01010,2706.93,Globus Spirits Limited,1025
975,FUSION,NSE_EQ|INE139R01012,INE139R01012,2683.60,FUSION FINANCE LIMITED,1011
976,DDEVPLSTIK,NSE_EQ|INE0HR601026,INE0HR601026,2681.77,DDEV PLASTIKS INDUSTRIES LIMITED,1027
977,RPSGVENT,NSE_EQ|INE425Y01011,INE425Y01011,2672.74,RPSG VENTURES LIMITED,1028
978,DALMIASUG,NSE_EQ|INE495A01022,INE495A01022,2645.04,Dalmia Bharat Sugar and Industries Ltd,1029
979,INA,NSE_EQ|INE0LGX01024,INE0LGX01024,2644.21,INSOLATION ENERGY LIMITED,1037
980,CARYSIL,NSE_EQ|INE482D01024,INE482D01024,2642.17,CARYSIL LIMITED,1031
981,SGFIN,NSE_EQ|INE618R01015,INE618R01015,2636.47,SG FINSERVE LIMITED,1032
982,AJMERA,NSE_EQ|INE298G01035,INE298G01035,2630.14,Ajmera Realty & Infra India Limited,1033
983,ARVSMART,NSE_EQ|INE034S01021,INE034S01021,2627.66,Arvind SmartSpaces Limited,1034
984,JINDWORLD,NSE_EQ|INE247D01039,INE247D01039,2626.94,Jindal Worldwide Ltd.,1035
985,UNICHEMLAB,NSE_EQ|INE351A01035,INE351A01035,2624.64,Unichem Laboratories Ltd.,1036
986,NOCIL,NSE_EQ|INE163A01018,INE163A01018,2620.37,NOCIL Ltd,1038
987,HMT,NSE_EQ|INE262A01018,INE262A01018,2616.67,HMT Limited,1039
988,JTLIND,NSE_EQ|INE391J01032,INE391J01032,2615.54,JTL INDUSTRIES LIMITED,1041
989,DEEDEV,NSE_EQ|INE841L01016,INE841L01016,2610.29,DEE DEVELOPMENT ENGINEERS LIMITED,1040
990,NPST,NSE_EQ|INE0FFK01017,INE0FFK01017,2604.85,Network People Services Technologies Limited,1042
991,EUROPRATIK,NSE_EQ|INE198501012,INE198501012,2602.64,EURO PRATIK SALES LIMITED,1043
992,MAYURUNIQ,NSE_EQ|INE040D01038,INE040D01038,2590.50,Mayur Uniquoters ltd.,1044
993,IMAGICAA,NSE_EQ|INE172N01012,INE172N01012,2584.20,IMAGICAAWORLD ENTERTAINMENT LIMITED,1046
994,KIRIINDUS,NSE_EQ|INE415I01015,INE415I01015,2581.16,KIRI INDUSTRIES LIMITED,1045
995,BHARATRAS,NSE_EQ|INE838B01021,INE838B01021,2580.65,Bharat Rasayan Limited,1048
996,PARKHOTELS,NSE_EQ|INE988S01028,INE988S01028,2580.02,Apeejay Surrendra Park Hotels Limited,1047
997,JASH,NSE_EQ|INE039O01011,INE039O01011,2569.24,Jash Engineering Ltd.,1051
998,RELTD,NSE_EQ|INE206N01018,INE206N01018,2559.03,RAVINDRA ENERGY LIMITED,1054
999,CAMLINFINE,NSE_EQ|INE052I01032,INE052I01032,2556.37,Camlin Fine Sciences Ltd,1056
1000,SIYSIL,NSE_EQ|INE076B01028,INE076B01028,2554.23,Siyaram Silk Mills Ltd.,1057
